player,shirtnumber,nationality,position,age,minutes,touches,touches_def_pen_area,touches_def_3rd,touches_mid_3rd,touches_att_3rd,touches_att_pen_area,touches_live_ball,take_ons,take_ons_won,take_ons_won_pct,take_ons_tackled,take_ons_tackled_pct,carries,carries_distance,carries_progressive_distance,progressive_carries,carries_into_final_third,carries_into_penalty_area,miscontrols,dispossessed,passes_received,progressive_passes_received,Matchweek,Season
Lucas Boyé,9,ar ARG,FW,26-253,65,25,0,3,15,8,0,25,3,1,33.3,2,66.7,12,31,10,0,2,0,5,2,16,3,14,2022-2023
   Roger Martí,18,es ESP,FW,31-309,25,8,0,1,4,4,1,8,1,1,100.0,0,0.0,4,38,5,0,0,0,0,0,6,3,14,2022-2023
Pere Milla,10,es ESP,"LW,LM,RW",30-046,90,40,0,9,23,8,2,40,0,0,,0,,25,112,26,0,1,0,2,1,30,6,14,2022-2023
Josan,17,es ESP,RW,32-340,56,10,0,6,1,3,1,10,0,0,,0,,6,21,1,0,0,0,1,2,8,1,14,2022-2023
   Gerard Gumbau,20,es ESP,"CM,DM",27-325,34,25,3,7,12,7,0,25,0,0,,0,,13,51,17,0,0,0,0,0,15,0,14,2022-2023
Álex Collado,15,es ESP,"AM,RM,LW",23-200,90,52,1,11,23,20,5,52,3,1,33.3,1,33.3,33,322,152,5,6,1,3,0,33,5,14,2022-2023
Raúl Guti,8,es ESP,DM,25-313,57,21,2,5,13,4,1,21,2,1,50.0,1,50.0,12,93,59,1,1,1,0,0,12,0,14,2022-2023
   Ezequiel Ponce,19,ar ARG,"FW,AM",25-224,33,8,0,0,3,5,3,8,0,0,,0,,5,16,2,1,0,1,2,0,6,0,14,2022-2023
Omar Mascarell,21,es ESP,"DM,CM",29-279,90,51,3,18,30,5,0,51,1,0,0.0,1,100.0,26,225,102,1,1,0,0,0,32,0,14,2022-2023
Carlos Clerc,23,es ESP,LB,30-260,80,50,4,24,16,10,2,50,0,0,,0,,19,126,59,1,1,1,0,0,22,5,14,2022-2023
   Nicolás Ezequiel Fernández,22,ar ARG,LB,22-301,10,10,0,2,6,2,0,10,0,0,,0,,7,34,28,1,1,0,0,0,6,0,14,2022-2023
Diego González,4,es ESP,CB,27-284,90,57,4,38,18,1,0,57,0,0,,0,,36,187,91,0,0,0,0,0,39,0,14,2022-2023
Enzo Roco,3,cl CHI,CB,30-084,80,46,3,27,19,0,0,46,1,0,0.0,1,100.0,27,170,89,1,0,0,1,0,30,0,14,2022-2023
   Pedro Bigas,6,es ESP,CB,32-054,10,3,0,1,2,0,0,3,0,0,,0,,2,36,36,1,0,0,0,0,3,0,14,2022-2023
Pol Lirola,24,es ESP,RB,25-087,90,53,0,15,24,16,2,53,1,0,0.0,1,100.0,24,208,119,5,2,0,0,0,24,5,14,2022-2023
Édgar Badía,13,es ESP,GK,30-269,90,31,29,31,0,0,0,31,0,0,,0,,12,36,20,0,0,0,0,0,13,0,14,2022-2023
Valentín Castellanos,9,ar ARG,FW,24-036,68,15,0,0,5,10,3,15,0,0,,0,,11,32,6,0,0,0,1,0,12,4,14,2022-2023
   Cristhian Stuani,7,uy URU,FW,36-027,22,8,0,0,5,3,1,8,0,0,,0,,6,20,18,0,0,0,0,0,4,1,14,2022-2023
Valery Fernández,11,es ESP,LM,22-350,89,26,0,1,12,13,2,26,1,0,0.0,1,100.0,12,64,8,0,0,0,2,1,16,2,14,2022-2023
   Bernardo Espinosa,2,co COL,RM,33-120,1,0,0,0,0,0,0,0,0,0,,0,,0,0,0,0,0,0,0,0,0,0,14,2022-2023
Aleix García,14,es ESP,CM,25-133,89,91,1,13,51,28,2,91,3,2,66.7,1,33.3,57,274,94,3,0,1,1,0,66,8,14,2022-2023
   Ramón Terrats,8,es ESP,CM,22-021,1,5,0,1,3,2,1,5,1,0,0.0,1,100.0,4,25,23,1,0,0,0,1,4,0,14,2022-2023
Yangel Herrera,21,ve VEN,CM,24-298,12,5,0,0,2,3,0,5,0,0,,0,,5,10,3,0,0,0,1,0,5,1,14,2022-2023
   Iván Martín,23,es ESP,CM,23-267,78,36,1,1,16,19,4,36,4,0,0.0,3,75.0,24,105,26,0,0,1,3,4,36,6,14,2022-2023
Toni Villa,12,es ESP,RM,27-305,68,34,0,4,8,23,2,34,3,1,33.3,2,66.7,24,166,56,3,1,1,3,4,30,8,14,2022-2023
   Rodrigo Riquelme,17,es ESP,RM,22-220,22,13,1,2,4,7,2,13,4,0,0.0,3,75.0,10,116,82,4,1,1,1,0,11,4,14,2022-2023
Oriol Romeu,18,es ESP,DM,31-045,90,60,2,12,36,12,3,60,1,1,100.0,0,0.0,28,105,26,0,0,0,1,0,34,3,14,2022-2023
Javi Hernández ,16,es ESP,LB,24-190,90,41,1,15,14,12,3,41,0,0,,0,,19,92,56,1,1,0,0,1,19,5,14,2022-2023
David López,5,es ESP,CB,33-030,90,71,10,37,33,1,1,71,0,0,,0,,48,394,326,6,0,0,0,0,54,0,14,2022-2023
Santiago Bueno,22,uy URU,CB,23-364,90,61,7,27,32,2,2,61,0,0,,0,,42,281,213,0,0,0,0,0,40,0,14,2022-2023
Arnau Martinez,4,es ESP,RB,19-197,90,70,4,19,27,24,4,70,2,1,50.0,1,50.0,40,125,63,1,1,1,1,0,45,8,14,2022-2023
Paulo Gazzaniga,13,ar ARG,GK,30-310,90,38,32,38,0,0,0,38,0,0,,0,,24,155,88,0,0,0,0,0,17,0,14,2022-2023
Gorka Guruzeta,12,es ESP,FW,26-057,66,32,0,1,17,14,6,32,1,0,0.0,1,100.0,13,83,45,2,2,0,2,1,20,6,14,2022-2023
   Iker Muniain,10,es ESP,LM,29-324,24,24,0,3,12,9,0,24,2,1,50.0,1,50.0,17,72,32,2,1,0,0,3,17,2,14,2022-2023
Nico Williams,11,es ESP,"LM,RM",20-119,82,38,0,2,15,22,5,38,3,2,66.7,1,33.3,22,221,175,8,1,4,2,4,22,11,14,2022-2023
   Jon Morcillo,2,es ESP,RM,24-054,8,3,0,2,1,1,0,3,1,1,100.0,0,0.0,2,37,35,0,1,0,0,0,2,1,14,2022-2023
Ander Herrera,23,es ESP,CM,33-086,66,41,1,5,25,11,2,41,2,0,0.0,2,100.0,26,40,10,0,0,0,0,0,26,0,14,2022-2023
   Unai Vencedor Paris,16,es ESP,CM,21-358,24,12,1,2,8,2,1,12,0,0,,0,,4,8,0,0,0,0,0,2,5,0,14,2022-2023
Oihan Sancet,8,es ESP,CM,22-197,77,41,0,2,19,20,5,41,3,1,33.3,2,66.7,27,108,43,1,2,1,4,1,30,11,14,2022-2023
   Raúl García,22,es ESP,CM,36-120,13,10,0,2,4,4,1,10,0,0,,0,,6,8,2,0,0,0,0,0,6,2,14,2022-2023
Iñaki Williams,9,gh GHA,"RM,FW",28-146,77,35,1,4,11,20,5,35,0,0,,0,,23,99,76,2,2,1,1,0,26,9,14,2022-2023
   Asier Villalibre,20,es ESP,FW,25-039,13,5,0,0,2,3,2,5,0,0,,0,,3,3,1,0,0,0,0,0,4,1,14,2022-2023
Mikel Vesga,6,es ESP,DM,29-171,90,43,0,9,26,8,1,43,0,0,,0,,26,80,48,1,0,1,1,0,28,2,14,2022-2023
Iñigo Lekue,15,es ESP,LB,29-188,90,53,4,24,24,7,0,53,2,1,50.0,0,0.0,22,185,119,3,1,0,1,2,18,1,14,2022-2023
Yeray Álvarez,5,es ESP,CB,27-288,90,37,7,21,16,1,0,37,0,0,,0,,12,83,75,2,1,0,1,0,16,0,14,2022-2023
Daniel Vivian,3,es ESP,CB,23-116,90,38,4,22,14,2,2,38,0,0,,0,,20,107,65,1,0,0,0,1,17,0,14,2022-2023
Óscar de Marcos,18,es ESP,RB,33-208,90,42,1,11,19,13,3,42,0,0,,0,,22,86,54,2,2,0,1,0,22,2,14,2022-2023
Unai Simón,1,es ESP,GK,25-150,90,29,26,29,0,0,0,29,0,0,,0,,11,40,19,0,0,0,0,0,10,0,14,2022-2023
Shon Weissman,9,il ISR,FW,26-267,45,15,1,4,8,4,2,15,0,0,,0,,6,44,27,2,1,0,0,0,5,1,14,2022-2023
   Álvaro Aguado,6,es ESP,LM,26-191,45,36,0,7,21,8,1,36,1,0,0.0,1,100.0,20,96,37,0,1,0,1,0,27,3,14,2022-2023
Sergi Guardiola,16,es ESP,FW,31-163,66,25,2,4,13,8,2,25,1,0,0.0,1,100.0,13,58,29,1,0,1,2,0,18,2,14,2022-2023
   Sergio León,7,es ESP,FW,33-306,24,2,0,0,1,1,0,2,0,0,,0,,2,4,0,0,0,0,1,0,2,0,14,2022-2023
Juanjo Narváez,20,co COL,"LM,LW",27-269,61,20,0,3,10,7,0,20,0,0,,0,,11,27,9,0,0,0,1,1,15,3,14,2022-2023
   Óscar Plano,10,es ESP,LW,31-270,29,12,0,2,5,5,0,12,0,0,,0,,11,30,6,0,0,0,2,0,11,1,14,2022-2023
Kike Pérez,4,es ESP,"CM,RM",25-267,90,66,2,21,39,9,0,66,4,3,75.0,1,25.0,29,195,113,2,3,0,1,0,41,0,14,2022-2023
Monchu,8,es ESP,CM,23-056,61,36,4,10,22,4,0,36,0,0,,0,,17,67,29,0,0,0,0,0,20,1,14,2022-2023
   Iván Sánchez,21,es ESP,"LM,RM",30-046,29,29,0,4,15,10,1,29,2,1,50.0,0,0.0,22,153,65,1,1,0,0,1,25,0,14,2022-2023
Gonzalo Plata,11,ec ECU,"RM,RW",22-007,82,39,1,5,17,19,1,39,5,2,40.0,2,40.0,23,197,72,2,3,1,2,2,26,2,14,2022-2023
   Lucas Oliveira Rosa,39,br BRA,RW,22-219,8,4,0,0,1,4,1,4,1,1,100.0,0,0.0,3,34,20,1,1,1,0,0,3,2,14,2022-2023
Lucas Olaza,12,uy URU,LB,28-110,90,68,3,18,32,18,0,68,1,1,100.0,0,0.0,35,89,10,0,0,0,0,0,41,6,14,2022-2023
Zouhair Feddal,3,ma MAR,CB,33-311,90,64,8,34,30,0,0,64,0,0,,0,,39,203,101,0,0,0,0,0,44,0,14,2022-2023
Jawad El Yamiq,15,ma MAR,CB,30-252,90,72,6,36,32,4,2,72,0,0,,0,,49,259,121,1,1,0,1,0,42,0,14,2022-2023
Iván Fresneda,27,es ESP,RB,18-041,90,64,4,12,34,18,0,64,0,0,,0,,33,181,92,3,2,0,1,1,34,3,14,2022-2023
Jordi Masip,1,es ESP,GK,33-309,90,43,42,43,0,0,0,43,0,0,,0,,19,95,44,0,0,0,0,0,19,0,14,2022-2023
Ezequiel Ávila,9,ar ARG,FW,28-275,82,28,0,0,13,15,2,28,3,1,33.3,2,66.7,20,100,17,1,0,1,2,1,22,8,14,2022-2023
   Ante Budimir,17,hr CRO,FW,31-109,8,1,0,0,0,1,1,1,0,0,,0,,1,1,0,0,0,0,0,0,1,0,14,2022-2023
Aimar Oroz,22,es ESP,FW,20-346,73,28,0,3,16,9,2,28,1,1,100.0,0,0.0,21,142,83,2,1,0,1,0,21,4,14,2022-2023
   Darko Brašanac,8,rs SRB,"CM,FW",30-269,17,8,0,0,1,7,0,8,0,0,,0,,8,46,15,0,2,0,0,1,9,1,14,2022-2023
Moi Gómez,16,es ESP,LM,28-138,82,49,0,11,17,22,1,49,1,1,100.0,0,0.0,37,184,56,1,3,0,0,1,39,4,14,2022-2023
   Kike Barja,11,es ESP,LM,25-221,8,8,0,0,1,7,0,8,0,0,,0,,6,44,14,2,0,0,0,0,6,5,14,2022-2023
Lucas Torró,6,es ESP,CM,28-112,58,40,2,13,17,10,0,40,0,0,,0,,25,95,50,0,1,0,0,0,27,1,14,2022-2023
   Kiké,18,es ESP,"CM,FW",32-348,32,8,0,0,2,6,5,8,0,0,,0,,4,23,0,0,1,0,0,1,6,1,14,2022-2023
Jon Moncayola,7,es ESP,CM,24-179,90,65,3,13,38,14,2,65,0,0,,0,,44,248,163,2,0,0,1,0,49,2,14,2022-2023
Rubén García,14,es ESP,RM,29-117,74,44,3,7,15,22,1,44,1,0,0.0,1,100.0,30,172,61,2,2,0,1,0,28,7,14,2022-2023
   Rubén Peña,15,es ESP,RM,31-113,16,5,0,1,2,2,1,5,0,0,,0,,4,17,3,0,0,0,1,1,5,5,14,2022-2023
Juan Cruz Armada,3,es ESP,LB,30-103,90,58,3,10,30,20,0,58,2,2,100.0,0,0.0,36,88,44,0,1,0,1,1,38,5,14,2022-2023
David García,5,es ESP,CB,28-267,90,67,6,30,33,4,2,67,0,0,,0,,44,212,93,0,1,0,0,0,45,0,14,2022-2023
Unai García,4,es ESP,CB,30-278,90,60,3,19,40,1,0,60,0,0,,0,,37,173,93,3,0,0,0,1,34,0,14,2022-2023
Nacho Vidal,2,es ESP,RB,27-288,90,56,1,15,22,20,1,56,1,0,0.0,1,100.0,25,66,20,0,0,0,0,1,22,6,14,2022-2023
Aitor Fernández,25,es ESP,GK,31-189,90,34,31,34,0,0,0,34,0,0,,0,,23,111,48,0,0,0,0,0,16,0,14,2022-2023
Robert Lewandowski,9,pl POL,FW,34-079,30,16,0,1,3,12,5,16,1,1,100.0,0,0.0,9,23,2,0,0,0,3,0,13,4,14,2022-2023
Ferrán Torres,11,es ESP,"LW,FW",22-252,77,26,0,1,15,11,4,26,5,1,20.0,2,40.0,20,85,26,1,3,1,2,0,18,5,14,2022-2023
   Ansu Fati,10,es ESP,FW,20-008,13,10,1,4,3,3,1,10,1,1,100.0,0,0.0,7,42,25,1,0,1,0,0,7,0,14,2022-2023
Ousmane Dembélé,7,fr FRA,"RW,RM",25-177,77,41,0,2,10,30,2,41,2,0,0.0,1,50.0,32,336,224,6,7,2,3,0,33,9,14,2022-2023
   Raphinha,22,br BRA,RM,25-329,13,7,0,3,1,3,2,7,1,1,100.0,0,0.0,4,29,19,0,0,0,0,1,3,1,14,2022-2023
Frenkie de Jong,21,nl NED,"LM,CB",25-180,90,78,1,22,36,20,0,78,2,0,0.0,1,50.0,56,375,153,2,2,0,2,0,63,2,14,2022-2023
Sergio Busquets,5,es ESP,CM,34-115,90,81,4,29,49,4,0,81,0,0,,0,,43,129,54,1,0,0,1,2,49,1,14,2022-2023
Pedri,8,es ESP,"RM,CM",19-348,88,52,1,8,35,10,2,52,0,0,,0,,36,180,84,1,2,0,2,1,38,5,14,2022-2023
   Chadi Riad,35,ma MAR,CM,19-144,2,1,0,1,0,0,0,1,0,0,,0,,1,8,0,0,0,0,0,0,1,0,14,2022-2023
Jordi Alba,18,es ESP,LB,33-232,90,84,0,24,37,23,0,84,1,1,100.0,0,0.0,59,252,149,3,2,0,0,1,59,7,14,2022-2023
Marcos Alonso,17,es ESP,CB,31-315,90,81,10,40,37,4,0,81,0,0,,0,,60,396,281,2,2,0,0,0,61,0,14,2022-2023
Andreas Christensen,15,dk DEN,CB,26-212,73,56,7,26,30,0,0,56,1,0,0.0,1,100.0,38,210,122,0,0,0,0,0,39,0,14,2022-2023
   Gavi,30,es ESP,"LM,CB",18-095,17,10,2,3,5,2,0,10,0,0,,0,,4,40,23,1,0,0,0,0,4,2,14,2022-2023
Alejandro Balde,28,es ESP,RB,19-021,90,44,1,18,19,11,2,44,3,2,66.7,0,0.0,26,158,90,1,1,0,0,0,24,2,14,2022-2023
Marc-André ter Stegen,1,de GER,GK,30-192,90,49,41,49,0,0,0,49,0,0,,0,,31,160,124,0,0,0,1,0,23,0,14,2022-2023
El Bilal Touré,9,ml MLI,FW,21-037,82,17,1,2,10,7,3,17,2,2,100.0,0,0.0,11,114,75,3,1,2,2,0,8,2,14,2022-2023
   Samu Costa,23,pt POR,CM,21-347,8,3,0,0,2,1,0,3,0,0,,0,,1,2,0,0,0,0,0,0,2,0,14,2022-2023
Adri Embarba,10,es ESP,LM,30-186,69,29,0,5,13,12,0,29,6,2,33.3,3,50.0,22,183,59,2,3,0,0,2,19,3,14,2022-2023
   Francisco Portillo,8,es ESP,RM,32-149,21,18,0,4,5,9,1,18,1,0,0.0,1,100.0,10,26,0,0,0,0,1,0,14,3,14,2022-2023
Gonzalo Melero,3,es ESP,CM,28-311,82,44,1,10,29,5,0,44,0,0,,0,,30,152,45,1,2,0,1,1,31,0,14,2022-2023
   Dyego Sousa,11,pt POR,FW,33-056,8,11,0,0,4,8,0,11,2,2,100.0,0,0.0,11,71,23,2,1,0,3,0,11,1,14,2022-2023
Lucas Robertone,5,ar ARG,CM,25-236,74,58,3,13,35,10,1,58,0,0,,0,,30,124,39,0,1,0,4,1,36,3,14,2022-2023
   Íñigo Eguaras,4,es ESP,CM,30-247,16,21,1,4,7,10,2,21,0,0,,0,,10,30,8,0,0,0,0,0,14,1,14,2022-2023
Léo Baptistão,12,br BRA,RM,30-075,69,51,0,9,31,11,4,51,0,0,,0,,29,134,59,2,0,0,5,0,35,6,14,2022-2023
   Largie Ramazani,7,be BEL,LM,21-255,21,9,0,1,3,6,3,9,0,0,,0,,6,36,24,2,1,1,0,0,6,1,14,2022-2023
César de la Hoz,6,es ESP,"DM,CB",30-224,90,35,2,12,23,0,0,35,1,0,0.0,1,100.0,16,36,19,0,0,0,0,1,18,0,14,2022-2023
Sergio Akieme,15,es ESP,LB,24-328,90,49,0,11,31,7,1,49,2,1,50.0,1,50.0,30,188,89,1,0,0,1,1,30,2,14,2022-2023
Srđan Babić,22,rs SRB,CB,26-201,90,55,7,31,24,0,0,55,0,0,,0,,31,99,44,0,0,0,2,0,37,0,14,2022-2023
Rodrigo Ely,19,br BRA,CB,29-006,86,70,10,44,26,0,0,70,0,0,,0,,36,112,33,0,0,0,1,0,40,0,14,2022-2023
Alejandro Pozo Pozo,17,es ESP,RB,23-260,90,85,5,36,39,11,0,85,1,0,0.0,1,100.0,40,199,116,6,2,0,1,0,42,1,14,2022-2023
Fernando,13,es ESP,GK,32-152,90,48,47,48,0,0,0,48,0,0,,0,,36,156,85,0,0,0,0,0,27,0,14,2022-2023
Enes Ünal,10,tr TUR,FW,25-183,90,28,2,2,14,12,4,28,2,1,50.0,1,50.0,21,83,35,2,2,1,6,1,28,4,14,2022-2023
Borja Mayoral,19,es ESP,"FW,RM",25-218,90,42,1,2,28,12,3,42,3,0,0.0,1,33.3,32,88,39,0,0,0,2,1,37,7,14,2022-2023
Carles Aleñá,11,es ESP,CM,24-308,90,51,1,6,34,12,0,51,2,2,100.0,0,0.0,39,190,71,2,2,0,0,2,38,5,14,2022-2023
Luis Milla,5,es ESP,CM,28-033,90,70,1,11,46,13,0,70,2,1,50.0,1,50.0,34,174,89,1,0,0,1,0,31,0,14,2022-2023
Nemanja Maksimović,20,rs SRB,CM,27-287,45,19,0,3,10,6,0,19,0,0,,0,,5,18,5,0,0,0,1,0,5,0,14,2022-2023
   Munir El Haddadi,17,ma MAR,"LM,CM",27-069,45,20,0,1,9,11,2,20,2,1,50.0,1,50.0,15,70,34,0,2,0,0,0,17,5,14,2022-2023
Jordan Amavi,12,fr FRA,LB,28-245,58,46,2,10,26,11,0,46,1,0,0.0,1,100.0,16,66,28,1,2,0,0,0,16,2,14,2022-2023
   Juanmi Latasa,14,es ESP,FW,21-231,32,13,1,3,5,5,2,13,0,0,,0,,7,34,2,0,0,0,1,0,10,2,14,2022-2023
Omar Alderete,15,py PAR,"CB,LB",25-318,90,55,3,24,28,3,1,55,1,0,0.0,1,100.0,29,114,81,0,0,0,0,0,26,2,14,2022-2023
Stefan Mitrović,23,rs SRB,CB,32-171,90,38,3,23,15,0,0,38,0,0,,0,,20,100,18,0,0,0,0,0,19,0,14,2022-2023
Djené,2,tg TOG,"CB,RB",30-313,90,48,4,25,20,3,1,48,2,2,100.0,0,0.0,34,165,72,0,0,0,1,0,32,0,14,2022-2023
Iglesias,21,es ESP,"RB,LB",24-129,90,53,0,11,27,15,3,53,1,1,100.0,0,0.0,30,136,71,2,1,0,1,0,23,6,14,2022-2023
David Soria,13,es ESP,GK,29-219,90,27,26,27,0,0,0,27,0,0,,0,,18,101,58,0,0,0,0,0,9,0,14,2022-2023
Rafa Mir,12,es ESP,"FW,CM",25-144,63,29,0,6,8,15,3,29,2,0,0.0,2,100.0,10,31,2,0,0,0,1,2,14,4,14,2022-2023
   Youssef En-Nesyri,15,ma MAR,CM,25-161,27,6,1,2,1,3,2,6,0,0,,0,,1,2,0,0,0,0,0,0,5,1,14,2022-2023
Isco,22,es ESP,"LW,RM",30-202,45,30,0,3,17,11,1,30,2,2,100.0,0,0.0,17,91,5,0,1,0,3,2,20,0,14,2022-2023
   Joan Jordán,8,es ESP,CB,28-126,45,20,1,5,9,6,0,20,0,0,,0,,10,27,12,0,0,0,0,1,15,1,14,2022-2023
Érik Lamela,17,ar ARG,"CM,RW,AM",30-250,88,37,0,4,18,16,3,37,6,2,33.3,2,33.3,24,211,92,3,4,1,2,4,26,4,14,2022-2023
   Adnan Januzaj,11,be BEL,CM,27-277,2,4,0,0,2,2,0,4,1,0,0.0,1,100.0,2,28,0,0,0,0,1,0,2,1,14,2022-2023
Óliver Torres,21,es ESP,"AM,CM,LM",27-364,63,34,1,9,12,14,1,34,1,1,100.0,0,0.0,15,69,40,1,1,0,2,1,25,4,14,2022-2023
   Thomas Delaney,18,dk DEN,CM,31-067,27,11,0,2,6,3,0,11,0,0,,0,,1,15,10,0,0,0,1,0,8,0,14,2022-2023
Nemanja Gudelj,6,rs SRB,"CB,DM",30-358,90,37,5,14,19,4,1,37,0,0,,0,,16,90,44,1,0,0,0,0,22,1,14,2022-2023
Ivan Rakitić,10,hr CRO,DM,34-244,27,18,2,6,7,5,0,18,0,0,,0,,8,27,3,0,0,0,0,0,13,0,14,2022-2023
Alex Telles,3,br BRA,LB,29-329,90,41,3,11,19,11,0,41,2,0,0.0,2,100.0,13,74,54,1,1,0,0,0,22,2,14,2022-2023
Karim Rekik,4,nl NED,CB,27-342,45,23,3,17,6,0,0,23,0,0,,0,,9,40,22,0,0,0,0,0,17,0,14,2022-2023
   Kike Salas,29,es ESP,CB,20-200,45,18,4,11,5,2,0,18,0,0,,0,,3,24,12,0,0,0,0,0,8,0,14,2022-2023
Tanguy Nianzou,14,fr FRA,CB,20-155,33,12,0,7,5,0,0,12,0,0,,0,,3,10,0,0,0,0,0,0,7,0,14,2022-2023
Jesús Navas,16,es ESP,RB,36-353,90,73,3,21,29,24,0,73,0,0,,0,,25,186,48,0,0,0,2,0,43,5,14,2022-2023
Yassine Bounou,13,ma MAR,GK,31-218,90,46,31,44,2,0,0,46,0,0,,0,,22,149,88,0,0,0,0,0,18,0,14,2022-2023
Alexander Sørloth,19,no NOR,FW,26-339,90,25,1,3,9,15,4,25,0,0,,0,,11,102,25,1,3,0,3,2,13,2,14,2022-2023
Carlos Fernández,9,es ESP,FW,26-171,9,2,0,0,1,1,0,2,0,0,,0,,2,6,0,0,0,0,0,0,3,1,14,2022-2023
   Takefusa Kubo,14,jp JPN,"LW,FW",21-158,81,60,0,2,12,46,7,60,2,0,0.0,1,50.0,47,326,204,7,1,5,1,0,52,21,14,2022-2023
David Silva,21,es ESP,"AM,LM",36-305,60,61,2,4,32,25,5,61,1,0,0.0,1,100.0,42,206,112,2,5,0,0,0,48,6,14,2022-2023
   Pablo Marín,42,es ESP,RM,19-129,30,24,0,0,10,14,1,24,0,0,,0,,20,148,101,3,2,1,0,1,22,4,14,2022-2023
Mikel Merino,8,es ESP,"LM,RM",26-140,45,39,2,14,17,8,1,39,2,2,100.0,0,0.0,18,66,44,1,1,0,3,1,16,1,14,2022-2023
   Ander Guevara,16,es ESP,LM,25-125,45,74,0,5,43,27,0,74,0,0,,0,,51,211,104,0,2,0,1,0,61,0,14,2022-2023
Martín Zubimendi,3,es ESP,CM,23-280,45,32,2,8,22,2,0,32,0,0,,0,,18,49,32,0,0,0,0,2,25,0,14,2022-2023
   Igor Zubeldia,5,es ESP,CM,25-224,45,64,1,9,41,14,0,64,1,1,100.0,0,0.0,43,90,38,0,0,0,1,1,51,0,14,2022-2023
Brais Méndez,23,es ESP,"RW,RM",25-306,90,69,1,6,28,35,1,69,1,1,100.0,0,0.0,44,242,100,0,4,0,0,0,58,7,14,2022-2023
Diego Rico,15,es ESP,LB,29-259,90,81,2,18,43,20,0,81,0,0,,0,,45,62,25,0,2,0,1,0,62,3,14,2022-2023
Jon Pacheco,20,es ESP,CB,21-305,90,112,9,26,84,2,0,112,0,0,,0,,77,283,163,0,1,0,0,0,87,0,14,2022-2023
Robin Le Normand,24,es ESP,CB,25-363,90,115,7,26,87,2,0,115,0,0,,0,,84,425,261,3,2,0,0,0,99,0,14,2022-2023
Alex Sola,2,es ESP,RB,23-153,72,66,2,6,24,37,1,66,3,1,33.3,1,33.3,38,187,84,1,1,0,1,0,49,4,14,2022-2023
   Roberto Navarro,17,es ESP,RB,20-211,18,9,0,2,4,3,2,9,1,0,0.0,1,100.0,5,32,23,1,0,1,0,1,7,2,14,2022-2023
Álex Remiro,1,es ESP,GK,27-230,90,29,29,29,0,0,0,29,0,0,,0,,13,70,51,0,0,0,0,0,15,0,14,2022-2023
Joselu,9,es ESP,FW,32-227,90,22,2,2,11,9,3,22,2,1,50.0,1,50.0,12,52,22,1,0,0,1,1,17,5,14,2022-2023
Javi Puado,7,es ESP,LW,24-168,80,27,0,2,13,15,2,27,2,1,50.0,1,50.0,20,158,119,3,3,2,2,0,21,2,14,2022-2023
   Dani Gómez,19,es ESP,LW,24-102,10,2,0,0,0,2,1,2,0,0,,0,,1,18,0,0,0,0,0,0,1,1,14,2022-2023
Martin Braithwaite,17,dk DEN,RW,31-157,59,19,1,4,6,10,4,19,1,1,100.0,0,0.0,14,70,37,1,0,1,4,1,15,7,14,2022-2023
   Aleix Vidal,22,es ESP,RW,33-080,31,16,0,0,7,9,2,16,0,0,,0,,10,62,49,2,0,0,0,0,12,4,14,2022-2023
Sergi Darder,10,es ESP,"AM,DM",28-322,90,69,1,6,39,26,2,69,3,0,0.0,3,100.0,46,377,280,6,7,0,1,1,52,1,14,2022-2023
Vinicius Souza,12,br BRA,DM,23-145,59,36,2,10,16,10,0,36,1,1,100.0,0,0.0,16,88,43,1,0,0,0,0,18,0,14,2022-2023
   Edu Expósito,20,es ESP,"AM,DM",26-100,31,28,0,3,16,10,0,28,0,0,,0,,13,62,29,0,0,0,1,0,17,0,14,2022-2023
Keidi Bare,8,al ALB,DM,25-073,80,62,1,9,41,12,2,62,1,0,0.0,1,100.0,36,200,92,0,2,0,0,1,51,2,14,2022-2023
   Nico Ribaudo,21,es ESP,DM,21-212,10,10,0,0,6,4,0,10,0,0,,0,,7,44,24,1,0,0,0,0,6,0,14,2022-2023
Brian Oliván,14,es ESP,LB,28-222,88,56,4,14,19,23,2,56,0,0,,0,,34,158,91,3,2,1,2,0,29,12,14,2022-2023
   José Carlos Lazo,16,es ESP,LB,26-266,2,1,0,1,0,0,0,1,0,0,,0,,1,1,0,0,0,0,0,0,1,0,14,2022-2023
Sergi Gómez,24,es ESP,CB,30-226,90,64,11,31,31,2,2,64,0,0,,0,,32,138,89,0,0,0,1,0,41,0,14,2022-2023
Fernando Calero,5,es ESP,CB,27-056,90,68,5,36,34,0,0,68,0,0,,0,,45,237,157,1,0,0,2,1,52,0,14,2022-2023
Óscar Gil,2,es ESP,RB,25-197,90,43,4,16,16,12,2,43,4,2,50.0,2,50.0,27,120,47,1,2,0,0,0,29,5,14,2022-2023
Benjamin Lecomte,13,fr FRA,GK,31-197,90,28,21,27,1,0,0,28,0,0,,0,,11,61,42,0,0,0,0,0,8,0,14,2022-2023
Arnaut Danjuma,9,nl NED,FW,25-282,76,13,0,0,5,8,2,13,0,0,,0,,9,55,39,2,1,3,3,1,13,3,14,2022-2023
   Gerard Moreno,7,es ESP,FW,30-216,14,11,0,2,6,5,2,11,1,0,0.0,1,100.0,6,71,26,0,2,1,3,0,6,3,14,2022-2023
Yeremi Pino,21,es ESP,LW,20-020,90,53,2,6,18,30,10,53,4,1,25.0,2,50.0,29,128,34,2,1,1,3,1,38,17,14,2022-2023
Samuel Chukwueze,11,ng NGA,RW,23-171,90,48,0,8,16,25,6,48,7,2,28.6,5,71.4,34,203,109,5,3,3,3,2,36,11,14,2022-2023
Manu Trigueros,14,es ESP,LM,31-023,69,48,2,4,32,12,0,48,1,0,0.0,1,100.0,21,77,37,1,0,0,0,0,40,1,14,2022-2023
   Alex Baena,16,es ESP,LM,21-112,21,17,2,3,7,8,0,17,1,0,0.0,1,100.0,9,34,10,0,1,0,0,1,12,1,14,2022-2023
Daniel Parejo,10,es ESP,CM,33-207,84,91,4,22,58,12,0,91,1,1,100.0,0,0.0,51,168,63,1,0,0,1,0,74,0,14,2022-2023
   Manu Morlanes,20,es ESP,CM,23-301,6,3,0,0,3,0,0,3,0,0,,0,,1,1,0,0,0,0,0,0,2,1,14,2022-2023
Étienne Capoue,6,fr FRA,RM,34-121,69,41,1,6,24,11,1,41,0,0,,0,,32,114,31,0,1,1,2,1,36,4,14,2022-2023
   Francis Coquelin,19,fr FRA,RM,31-180,21,10,0,4,5,1,0,10,0,0,,0,,4,10,0,0,0,0,0,0,8,0,14,2022-2023
Alberto Moreno,18,es ESP,LB,30-127,90,66,3,28,18,21,3,66,3,0,0.0,2,66.7,36,180,112,3,0,1,0,0,43,8,14,2022-2023
Jorge Cuenca,5,es ESP,CB,22-357,90,88,14,42,46,0,0,88,0,0,,0,,60,352,304,4,0,0,0,0,68,0,14,2022-2023
Raúl Albiol,3,es ESP,CB,37-066,90,74,14,36,38,0,0,74,1,1,100.0,0,0.0,50,342,269,1,0,0,0,0,52,0,14,2022-2023
Kiko Femenía,2,es ESP,RB,31-280,76,54,2,24,21,9,1,54,0,0,,0,,27,103,28,1,2,0,0,0,34,2,14,2022-2023
   Juan Foyth,8,ar ARG,RB,24-301,14,7,3,5,2,0,0,7,0,0,,0,,1,1,0,0,0,0,1,0,0,0,14,2022-2023
Gerónimo Rulli,13,ar ARG,GK,30-173,90,46,38,46,0,0,0,46,0,0,,0,,27,93,60,0,0,0,0,0,24,0,14,2022-2023
Vedat Muriqi,7,xk KVX,FW,28-199,86,43,3,6,22,15,5,43,1,1,100.0,0,0.0,30,138,67,1,0,1,2,2,37,7,14,2022-2023
   Abdón Prats,9,es ESP,FW,29-337,4,5,1,1,3,1,0,5,2,0,0.0,1,50.0,3,17,0,0,0,0,1,2,4,0,14,2022-2023
Lee Kang-in,19,kr KOR,LM,21-263,71,27,0,3,13,12,1,27,4,3,75.0,1,25.0,19,161,64,2,2,0,1,2,20,5,14,2022-2023
   Amath,23,sn SEN,LM,26-116,19,12,0,4,3,6,1,12,1,0,0.0,1,100.0,5,44,33,1,2,0,1,0,5,1,14,2022-2023
Iddrisu Baba,12,gh GHA,CM,26-291,45,27,0,1,21,5,1,27,0,0,,0,,14,67,34,1,1,0,1,1,15,1,14,2022-2023
   Rodrigo Battaglia,16,ar ARG,CM,31-120,45,13,5,7,6,0,0,13,0,0,,0,,7,41,17,0,0,0,0,0,6,0,14,2022-2023
Iñigo Ruiz de Galarreta,4,es ESP,CM,29-095,90,52,1,15,24,13,0,52,0,0,,0,,31,120,26,0,0,0,1,0,29,0,14,2022-2023
Antonio Sánchez,10,es ESP,RM,25-312,71,34,0,3,19,12,3,34,1,0,0.0,1,100.0,27,90,20,0,0,0,3,2,25,4,14,2022-2023
   Clément Grenier,8,fr FRA,RM,31-306,19,6,1,1,2,3,0,6,0,0,,0,,5,30,6,0,0,0,0,0,5,1,14,2022-2023
Jaume Costa,18,es ESP,LB,34-236,90,46,4,14,23,9,2,46,2,0,0.0,1,50.0,29,102,29,0,0,0,0,0,29,4,14,2022-2023
Copete,6,es ESP,CB,23-030,90,53,13,29,21,3,2,53,0,0,,0,,20,47,26,0,0,0,1,1,21,0,14,2022-2023
Antonio Raillo,21,es ESP,CB,31-032,90,41,6,23,17,2,1,41,0,0,,0,,20,131,76,0,0,0,1,0,20,0,14,2022-2023
Martin Valjent,24,sk SVK,CB,26-333,90,51,18,36,13,3,0,51,0,0,,0,,22,82,31,0,0,0,0,0,23,0,14,2022-2023
Giovanni González,20,uy URU,RB,28-050,89,50,5,11,28,11,2,50,4,1,25.0,3,75.0,31,185,65,0,0,0,0,1,30,5,14,2022-2023
   Franco Russo,5,ar ARG,RB,28-015,1,6,2,4,0,2,0,6,0,0,,0,,1,0,0,0,0,0,0,0,0,0,14,2022-2023
Predrag Rajković,1,rs SRB,GK,27-009,90,39,27,38,1,0,0,39,0,0,,0,,16,132,67,0,0,0,0,0,10,0,14,2022-2023
Álvaro Morata,19,es ESP,FW,30-017,90,22,1,2,8,12,4,22,0,0,,0,,18,66,15,0,0,0,2,2,17,6,14,2022-2023
Antoine Griezmann,8,fr FRA,FW,31-233,90,56,0,2,21,34,3,56,1,1,100.0,0,0.0,41,191,85,2,1,0,1,1,46,19,14,2022-2023
Yannick Carrasco,21,be BEL,LM,29-066,58,24,0,4,9,11,1,24,4,3,75.0,0,0.0,15,117,6,0,0,0,1,2,17,4,14,2022-2023
   Thomas Lemar,11,fr FRA,LM,26-362,32,38,0,4,14,20,0,38,1,1,100.0,0,0.0,33,160,66,1,4,0,2,1,33,5,14,2022-2023
Axel Witsel,20,be BEL,CM,33-301,90,93,5,13,63,18,4,93,0,0,,0,,57,276,128,0,1,0,2,0,60,2,14,2022-2023
Rodrigo De Paul,5,ar ARG,CM,28-169,68,72,0,5,56,11,0,72,1,0,0.0,0,0.0,56,276,180,3,1,0,2,0,57,2,14,2022-2023
   Koke,6,es ESP,CM,30-305,22,26,0,1,13,12,1,26,0,0,,0,,18,62,29,0,2,0,0,0,21,3,14,2022-2023
Marcos Llorente,14,es ESP,"RB,RM",27-283,90,77,1,13,31,33,1,77,1,0,0.0,1,100.0,52,236,155,4,4,0,1,1,52,6,14,2022-2023
Reinildo Mandava,23,mz MOZ,LB,28-292,68,51,2,15,26,10,0,51,0,0,,0,,35,165,107,0,3,0,1,1,33,5,14,2022-2023
   Sergio Reguilón,3,es ESP,LB,25-328,22,21,2,4,9,8,2,21,1,0,0.0,0,0.0,13,110,77,2,1,0,1,0,12,4,14,2022-2023
Felipe,18,br BRA,CB,33-177,90,82,5,26,55,1,1,82,0,0,,0,,55,358,212,2,0,0,0,0,50,0,14,2022-2023
Stefan Savić,15,me MNE,CB,31-305,90,76,4,29,43,4,1,76,0,0,,0,,58,325,225,2,1,0,0,0,55,2,14,2022-2023
Nahuel Molina,16,ar ARG,RB,24-217,29,29,0,5,20,4,0,29,1,0,0.0,1,100.0,21,72,40,0,0,0,0,0,20,2,14,2022-2023
   Ángel Correa,10,ar ARG,RM,27-245,61,48,0,2,21,25,5,48,0,0,,0,,36,119,51,1,0,0,5,3,41,9,14,2022-2023
Jan Oblak,13,si SVN,GK,29-306,90,28,25,28,0,0,0,28,0,0,,0,,18,54,34,0,0,0,0,0,12,0,14,2022-2023
Radamel Falcao,9,co COL,FW,36-273,58,13,0,0,6,7,3,13,1,0,0.0,1,100.0,8,30,4,0,0,1,1,0,9,2,14,2022-2023
   Sergio Camello,34,es ESP,FW,21-273,32,9,1,1,6,2,2,9,1,0,0.0,1,100.0,8,31,1,0,0,0,0,2,7,3,14,2022-2023
Álvaro García,18,es ESP,LW,30-014,88,40,1,2,8,30,1,40,2,0,0.0,2,100.0,23,199,78,4,1,1,2,0,23,10,14,2022-2023
   Randy Ntekja,11,fr FRA,LW,24-339,2,5,1,1,1,3,0,5,2,0,0.0,1,50.0,3,7,1,0,0,0,0,0,3,0,14,2022-2023
Isaac Palazón Camacho,7,es ESP,RW,27-318,58,41,0,2,18,22,2,41,1,0,0.0,1,100.0,24,127,42,1,2,0,1,3,27,3,14,2022-2023
   Salvi,14,es ESP,RW,31-225,32,19,0,2,5,12,0,19,0,0,,0,,13,61,22,1,0,0,0,0,14,3,14,2022-2023
Unai López,17,es ESP,AM,27-011,69,62,0,7,39,16,1,62,3,1,33.3,2,66.7,40,152,45,0,1,0,2,6,46,6,14,2022-2023
   Pathé Ciss,21,sn SEN,DM,28-239,21,16,0,1,13,2,0,16,0,0,,0,,7,48,33,0,0,0,0,0,12,0,14,2022-2023
Óscar Valentín,23,es ESP,DM,28-082,90,62,3,9,43,10,0,62,1,0,0.0,0,0.0,41,237,153,0,1,0,1,2,39,0,14,2022-2023
Santi Comesaña,6,es ESP,DM,26-036,69,45,0,5,30,10,1,45,1,1,100.0,0,0.0,26,183,126,2,0,0,2,2,32,4,14,2022-2023
   Óscar Trejo,8,ar ARG,AM,34-198,21,23,0,1,13,9,0,23,1,0,0.0,0,0.0,19,78,42,0,2,0,0,3,17,1,14,2022-2023
Fran Garcia,3,es ESP,LB,23-088,90,76,2,19,44,15,0,76,2,1,50.0,0,0.0,51,264,158,5,6,0,0,1,46,4,14,2022-2023
Catena,5,es ESP,CB,28-013,90,77,3,36,40,2,2,77,0,0,,0,,60,272,133,0,0,0,1,0,58,0,14,2022-2023
Florian Lejeune,19,fr FRA,CB,31-174,90,90,5,31,57,2,1,90,0,0,,0,,68,388,271,0,0,0,0,0,70,0,14,2022-2023
Iván Balliu,20,al ALB,RB,30-313,90,84,5,17,40,27,1,84,3,0,0.0,3,100.0,43,239,113,2,2,0,1,1,50,4,14,2022-2023
Stole Dimitrievski,1,mk MKD,GK,28-320,90,25,20,25,0,0,0,25,0,0,,0,,14,90,60,0,0,0,0,0,8,0,14,2022-2023
Gonçalo Paciência,9,pt POR,FW,28-101,64,19,0,2,7,10,4,19,3,1,33.3,2,66.7,12,48,12,0,0,0,2,0,15,4,14,2022-2023
   Iago Aspas,10,es ESP,FW,35-101,26,22,0,2,8,12,2,22,0,0,,0,,11,77,47,1,3,0,1,2,22,3,14,2022-2023
Franco Cervi,11,ar ARG,LW,28-168,90,42,1,11,16,16,1,42,5,0,0.0,4,80.0,15,98,41,2,1,1,0,0,17,3,14,2022-2023
Carles Pérez,7,es ESP,RW,24-267,90,29,1,5,5,19,3,29,2,0,0.0,1,50.0,18,150,70,2,3,2,4,1,24,5,14,2022-2023
Javi Galán,17,es ESP,LM,27-356,90,71,6,31,29,15,1,71,8,5,62.5,1,12.5,28,236,143,3,1,0,6,0,28,1,14,2022-2023
Renato Tapia,14,pe PER,CM,27-105,80,47,3,15,28,4,0,47,4,3,75.0,1,25.0,19,99,60,1,1,0,1,1,25,0,14,2022-2023
   Fran Beltrán,8,es ESP,CM,23-280,10,7,0,1,3,3,0,7,0,0,,0,,3,19,13,0,1,0,0,0,6,0,14,2022-2023
Gabriel Veiga,28,es ESP,CM,20-167,81,42,1,5,26,11,0,42,2,0,0.0,2,100.0,15,74,38,1,0,0,4,2,21,2,14,2022-2023
   Óscar Rodríguez Arnaiz,5,es ESP,CM,24-135,9,9,0,1,2,6,0,9,0,0,,0,,4,41,29,1,0,0,0,0,8,0,14,2022-2023
Kevin Vázquez,20,es ESP,RM,29-232,71,41,2,11,19,11,0,41,0,0,,0,,17,98,65,2,2,0,1,1,25,2,14,2022-2023
   Pablo Durán,35,es ESP,RM,21-289,19,18,2,5,3,10,0,18,3,1,33.3,2,66.7,9,38,5,0,0,0,0,0,12,3,14,2022-2023
Unai Núñez,4,es ESP,CB,25-284,90,46,5,27,18,2,1,46,1,0,0.0,1,100.0,25,118,69,0,1,0,0,0,30,0,14,2022-2023
Joseph Aidoo,15,gh GHA,CB,27-042,90,39,15,32,6,1,0,39,0,0,,0,,9,22,3,0,0,0,0,0,19,0,14,2022-2023
Óscar Mingueza,3,es ESP,CB,23-181,90,65,4,28,20,17,1,65,0,0,,0,,28,148,58,2,0,0,1,1,37,1,14,2022-2023
Agustín Marchesín,1,ar ARG,GK,34-239,90,42,32,42,0,0,0,42,0,0,,0,,19,108,35,0,0,0,0,0,13,0,14,2022-2023
Hugo Duro,19,es ESP,FW,23-000,78,24,2,2,8,15,5,24,0,0,,0,,21,97,44,2,2,2,2,2,20,9,14,2022-2023
   Marcos André,22,br BRA,FW,26-021,12,3,0,0,1,2,0,3,1,0,0.0,1,100.0,2,21,0,0,1,0,0,0,2,1,14,2022-2023
Samuel Lino,16,br BRA,LW,22-322,90,79,1,8,34,37,6,79,6,3,50.0,3,50.0,60,374,218,10,3,5,4,4,63,9,14,2022-2023
Samu Castillejo,11,es ESP,RW,27-296,68,39,1,4,18,18,2,39,2,1,50.0,0,0.0,27,184,130,2,2,0,0,0,26,5,14,2022-2023
   Justin Kluivert,9,nl NED,RW,23-189,22,8,0,0,4,4,1,8,0,0,,0,,8,70,45,1,0,1,1,0,8,4,14,2022-2023
Domingos André Ribeiro Almeida,18,pt POR,LM,22-164,90,63,1,9,27,27,0,63,6,2,33.3,4,66.7,49,241,108,2,2,0,0,1,45,4,14,2022-2023
Nicolás González,17,es ESP,CM,20-311,78,71,3,22,37,13,0,71,2,2,100.0,0,0.0,44,199,86,1,4,0,0,0,48,1,14,2022-2023
   Hugo Guillamón,6,,"DF,MF",22-283,12,,,,,,,,,,,,,,,,,,,,,,,14,2022-2023
Yunus Musah,4,us USA,RM,19-346,84,42,1,8,23,11,1,42,2,1,50.0,1,50.0,32,205,127,3,3,1,4,1,35,5,14,2022-2023
   Dimitri Foulquier,20,fr FRA,RM,29-232,6,4,0,1,3,0,0,4,1,1,100.0,0,0.0,2,10,8,0,0,0,0,0,3,0,14,2022-2023
José Luis Gayà,14,es ESP,LB,27-169,90,81,1,26,33,23,0,81,1,1,100.0,0,0.0,49,171,112,1,2,0,0,0,50,6,14,2022-2023
Cenk Özkacar,15,tr TUR,CB,22-035,90,71,3,27,42,2,1,71,0,0,,0,,59,279,155,1,1,0,0,1,54,0,14,2022-2023
Eray Cömert,24,ch SUI,CB,24-279,90,73,9,42,29,2,1,73,0,0,,0,,57,296,164,1,1,0,0,0,55,0,14,2022-2023
Thierry Correia,2,pt POR,RB,23-246,90,77,1,28,33,17,0,77,1,0,0.0,1,100.0,48,204,93,1,2,0,1,0,55,3,14,2022-2023
Giorgi Mamardashvili,25,ge GEO,GK,22-042,90,32,30,32,0,0,0,32,0,0,,0,,25,99,45,0,0,0,0,0,19,0,14,2022-2023
Willian José,12,br BRA,FW,30-352,90,44,1,4,30,10,0,44,0,0,,0,,24,68,12,0,0,0,4,1,31,0,14,2022-2023
Juan Cruz,29,es ESP,LW,22-199,63,19,0,4,7,8,1,19,1,0,0.0,1,100.0,10,70,33,1,0,0,1,0,6,2,14,2022-2023
   Germán Pezzella,16,ar ARG,CB,31-136,27,19,1,14,5,0,0,19,1,0,0.0,0,0.0,12,37,14,0,0,0,0,0,14,0,14,2022-2023
Luiz Henrique,11,br BRA,RW,21-312,90,26,0,8,11,8,2,26,6,4,66.7,2,33.3,16,125,35,2,2,0,1,2,13,4,14,2022-2023
Sergio Canales,10,es ESP,"AM,DM",31-267,90,56,0,12,28,17,0,56,2,0,0.0,2,100.0,36,234,114,4,3,0,2,2,46,4,14,2022-2023
William Carvalho,14,pt POR,DM,30-217,57,31,2,9,19,3,0,31,0,0,,0,,21,95,26,0,0,0,1,0,20,0,14,2022-2023
   Rodri,28,es ESP,"LW,DM,AM",22-178,33,11,0,2,4,5,0,11,0,0,,0,,4,34,3,0,0,0,2,1,5,1,14,2022-2023
Guido Rodríguez,5,ar ARG,DM,28-212,57,30,3,14,15,2,0,30,0,0,,0,,15,55,27,0,0,0,0,0,14,0,14,2022-2023
   Paul Akouokou,4,ci CIV,DM,24-325,33,14,1,3,11,1,0,14,0,0,,0,,6,15,1,0,0,0,0,0,7,0,14,2022-2023
Álex Moreno,15,es ESP,LB,29-155,90,40,3,12,23,5,0,40,3,0,0.0,2,66.7,18,107,75,2,1,0,3,1,17,1,14,2022-2023
Víctor Ruiz,6,es ESP,CB,33-289,90,47,4,31,16,0,0,47,0,0,,0,,31,118,59,0,0,0,0,0,32,0,14,2022-2023
Édgar González,3,es ESP,CB,25-223,60,31,4,23,6,2,2,31,0,0,,0,,19,58,25,0,0,0,0,0,20,0,14,2022-2023
Youssouf Sabaly,23,sn SEN,RB,29-250,81,51,7,21,20,11,1,51,0,0,,0,,18,76,23,0,1,0,1,0,18,0,14,2022-2023
   Aitor Ruibal,24,es ESP,RB,26-233,9,4,0,2,2,1,0,4,0,0,,0,,2,7,0,0,0,0,1,0,1,0,14,2022-2023
Rui Silva,13,pt POR,GK,28-276,90,41,34,41,0,0,0,41,0,0,,0,,18,62,20,0,0,0,0,0,12,0,14,2022-2023
Rodrygo,21,br BRA,FW,21-305,81,41,0,1,12,28,9,41,3,1,33.3,2,66.7,29,182,70,3,2,3,5,1,37,12,14,2022-2023
   Dani Ceballos,19,es ESP,"RM,FW",26-095,9,11,0,0,4,7,1,11,0,0,,0,,9,38,15,0,0,0,0,1,10,4,14,2022-2023
Vinicius Júnior,20,br BRA,"LW,FW",22-121,90,46,0,1,18,28,5,46,7,3,42.9,3,42.9,34,353,216,5,4,2,1,0,39,12,14,2022-2023
Federico Valverde,15,uy URU,RW,24-111,90,88,0,5,38,45,2,88,3,3,100.0,0,0.0,54,252,134,4,4,0,3,0,68,7,14,2022-2023
Toni Kroos,8,de GER,LM,32-310,90,108,2,21,60,29,1,108,0,0,,0,,63,256,119,0,2,0,0,0,84,4,14,2022-2023
Aurélien Tchouaméni,18,fr FRA,CM,22-287,90,90,5,15,59,16,0,90,0,0,,0,,55,346,141,0,2,0,1,0,68,1,14,2022-2023
Luka Modrić,10,hr CRO,RM,37-062,84,103,1,8,61,34,1,103,2,1,50.0,1,50.0,66,363,174,2,2,0,3,0,85,5,14,2022-2023
   Eduardo Camavinga,12,fr FRA,"LW,RM",20-000,6,6,0,0,3,3,0,6,0,0,,0,,5,42,20,1,1,0,0,1,7,1,14,2022-2023
Ferland Mendy,23,fr FRA,LB,27-155,90,60,1,12,31,18,1,60,4,4,100.0,0,0.0,35,227,137,2,2,1,0,0,46,9,14,2022-2023
David Alaba,4,at AUT,CB,30-139,90,50,10,24,26,0,0,50,0,0,,0,,25,159,120,1,0,0,0,0,32,0,14,2022-2023
Éder Militão,3,br BRA,CB,24-296,90,74,6,34,35,6,3,74,1,0,0.0,0,0.0,39,276,173,0,1,0,0,1,54,0,14,2022-2023
Lucas Vázquez,17,es ESP,RB,31-132,87,97,0,12,40,45,8,97,0,0,,0,,60,309,181,5,0,4,2,0,75,16,14,2022-2023
   Nacho,6,es ESP,RB,32-296,3,1,0,0,0,1,0,1,0,0,,0,,0,0,0,0,0,0,0,0,0,0,14,2022-2023
Thibaut Courtois,1,be BEL,GK,30-183,90,35,31,35,0,0,0,35,0,0,,0,,22,131,64,0,0,0,0,0,20,0,14,2022-2023
Anthony Lozano,9,hn HON,FW,29-199,71,20,2,3,13,4,0,20,3,0,0.0,2,66.7,13,45,16,0,0,0,2,0,14,0,14,2022-2023
   Lucas Pérez,15,es ESP,FW,34-061,19,17,0,1,9,7,2,17,0,0,,0,,10,28,8,0,0,0,0,0,16,2,14,2022-2023
Álex Fernández,8,es ESP,FW,30-026,90,46,2,9,27,10,0,46,0,0,,0,,30,117,38,2,3,0,1,3,38,1,14,2022-2023
Rubén Sobrino,7,es ESP,"LM,CM",30-162,77,27,2,10,12,6,1,27,0,0,,0,,16,75,33,1,0,0,1,2,14,2,14,2022-2023
   Álvaro Negredo,18,es ESP,CM,37-082,13,7,0,0,2,5,1,7,0,0,,0,,5,14,1,0,1,0,0,0,6,2,14,2022-2023
Rubén Alcaraz,4,es ESP,CM,31-193,55,24,1,8,13,3,0,24,0,0,,0,,14,89,28,0,1,0,2,2,17,1,14,2022-2023
   Brian Ocampo,14,uy URU,LM,23-138,35,17,0,1,10,6,1,17,1,0,0.0,1,100.0,15,91,35,1,1,1,0,2,16,2,14,2022-2023
Fede San Emeterio,24,es ESP,"CM,CB",25-239,90,38,4,20,19,0,0,38,0,0,,0,,20,63,15,0,1,1,0,0,23,1,14,2022-2023
Iván Alejo,11,es ESP,RM,27-273,55,15,1,1,6,8,0,15,1,0,0.0,1,100.0,11,90,45,2,2,0,2,0,12,2,14,2022-2023
   Theo Bongonda,10,cd COD,RM,26-355,35,13,1,5,7,3,1,13,2,0,0.0,2,100.0,9,95,44,3,2,1,1,1,8,4,14,2022-2023
Alfonso Espino,22,uy URU,LB,30-309,90,52,1,15,24,13,2,52,3,1,33.3,2,66.7,25,128,71,2,0,0,2,0,25,6,14,2022-2023
Cala,16,es ESP,CB,32-349,72,28,4,15,13,0,0,28,0,0,,0,,10,29,3,0,0,0,0,1,12,0,14,2022-2023
   José Mari,6,es ESP,CM,34-339,18,27,0,7,16,4,0,27,0,0,,0,,20,84,34,0,1,0,0,0,24,0,14,2022-2023
Fali,3,es ESP,CB,29-090,90,42,6,22,20,0,0,42,0,0,,0,,22,137,97,1,0,0,0,0,26,0,14,2022-2023
Isaac Carcelen,20,es ESP,RB,29-201,90,46,7,16,19,11,0,46,0,0,,0,,16,113,75,3,1,0,0,1,21,1,14,2022-2023
Jeremías Ledesma,1,ar ARG,GK,29-270,90,39,30,39,0,0,0,39,1,1,100.0,0,0.0,20,129,96,0,0,0,0,0,11,0,14,2022-2023
