player,shirtnumber,nationality,position,age,minutes,goals,assists,pens_made,pens_att,shots,shots_on_target,cards_yellow,cards_red,touches,tackles,interceptions,blocks,xg,npxg,xg_assist,sca,gca,passes_completed,passes,passes_pct,progressive_passes,carries,progressive_carries,take_ons,take_ons_won,Matchweek,Season
Sergi Enrich,9,es ESP,FW,30-199,67,0,0,0,0,0,0,0,0,27,1,0,0,0.0,0.0,0.1,2,0,13,21,61.9,1,12,1,2,1,1,2020-2021
   Recio,18,es ESP,CM,29-245,23,0,0,0,0,0,0,0,0,10,0,0,0,0.0,0.0,0.0,0,0,4,8,50.0,1,2,0,0,0,1,2020-2021
Kiké,17,es ESP,FW,30-292,90,0,0,0,0,1,0,0,0,56,2,0,4,0.1,0.1,0.0,4,0,17,39,43.6,0,25,1,1,0,1,2020-2021
Takashi Inui,14,jp JPN,LM,32-102,60,0,0,0,0,1,0,0,0,28,1,0,0,0.0,0.0,0.0,0,0,8,18,44.4,1,19,3,5,2,1,2020-2021
   Damian Kądzior,19,pl POL,"LW,RW,LM",28-088,30,0,0,0,0,1,0,0,0,15,0,0,0,0.1,0.1,0.0,0,0,7,12,58.3,2,8,1,0,0,1,2020-2021
Edu Expósito,10,es ESP,CM,24-042,90,0,0,0,0,2,0,0,0,34,1,0,1,0.1,0.1,0.0,0,0,13,22,59.1,4,15,1,1,0,1,2020-2021
Papakouli Diop,8,sn SEN,CM,34-177,86,0,0,0,0,0,0,2,1,37,3,1,2,0.0,0.0,0.0,1,0,17,29,58.6,4,14,1,1,1,1,2020-2021
Pedro León,21,es ESP,"RM,RW",33-293,83,0,0,0,0,2,1,0,0,31,0,0,0,0.1,0.1,0.1,2,0,9,24,37.5,2,15,1,0,0,1,2020-2021
   Rafa Soares,11,pt POR,LW,25-126,7,0,0,0,0,0,0,0,0,0,0,0,0,0.0,0.0,0.0,0,0,0,0,,0,0,0,0,0,1,2020-2021
Pedro Bigas,3,es ESP,LB,29-363,90,0,0,0,0,1,0,1,0,70,1,0,1,0.0,0.0,0.0,0,0,37,63,58.7,6,9,0,0,0,1,2020-2021
Paulo Oliveira,4,pt POR,CB,28-248,90,0,0,0,0,0,0,0,0,50,2,3,0,0.0,0.0,0.0,0,0,18,43,41.9,1,14,0,0,0,1,2020-2021
Sergio Álvarez,6,es ESP,CB,28-233,90,0,0,0,0,0,0,1,0,47,2,1,0,0.0,0.0,0.0,2,0,24,38,63.2,3,14,0,0,0,1,2020-2021
Rober Correa,20,es ESP,RB,27-358,90,0,0,0,0,0,0,0,0,53,2,0,0,0.0,0.0,0.0,1,0,23,44,52.3,1,15,2,1,1,1,2020-2021
Marko Dmitrović,1,rs SRB,GK,28-232,90,0,0,0,0,0,0,0,0,35,0,0,0,0.0,0.0,0.0,0,0,20,32,62.5,0,11,0,0,0,1,2020-2021
Iago Aspas,10,es ESP,FW,33-042,90,0,0,0,0,0,0,0,0,42,0,0,1,0.0,0.0,0.0,1,0,23,33,69.7,4,24,1,3,1,1,2020-2021
Nolito,9,es ESP,LW,33-333,90,0,0,0,0,1,1,1,0,47,1,1,4,0.1,0.1,0.0,1,0,20,38,52.6,9,18,1,0,0,1,2020-2021
Emre Mor,11,tr TUR,RW,23-050,85,0,0,0,0,1,1,0,0,30,1,0,0,0.1,0.1,0.0,4,0,16,21,76.2,2,25,3,6,5,1,2020-2021
   Santi Mina,22,es ESP,RW,24-280,5,0,0,0,0,0,0,0,0,3,0,0,0,0.0,0.0,0.0,0,0,0,2,0.0,0,2,0,0,0,1,2020-2021
Renato Tapia,14,pe PER,LM,25-046,90,0,0,0,0,0,0,0,0,43,1,3,0,0.0,0.0,0.0,0,0,21,34,61.8,4,9,0,1,1,1,2020-2021
Okay Yokuşlu,5,tr TUR,CM,26-187,90,0,0,0,0,0,0,1,0,44,2,1,0,0.0,0.0,0.0,0,0,22,31,71.0,2,15,1,3,3,1,2020-2021
Brais Méndez,23,es ESP,RM,23-249,76,0,0,0,0,1,0,0,0,40,1,2,0,0.2,0.2,0.2,2,0,14,26,53.8,3,24,2,1,0,1,2020-2021
   Miguel Baeza,27,es ESP,RM,20-169,14,0,0,0,0,0,0,0,0,6,0,0,0,0.0,0.0,0.0,0,0,4,6,66.7,0,3,0,0,0,1,2020-2021
Lucas Olaza,15,uy URU,LB,26-053,90,0,0,0,0,0,0,1,0,70,1,1,1,0.0,0.0,0.1,1,0,30,57,52.6,2,19,2,0,0,1,2020-2021
Néstor Araujo,4,mx MEX,CB,29-014,90,0,0,0,0,1,0,0,0,38,1,2,0,0.0,0.0,0.0,1,0,15,28,53.6,1,15,0,0,0,1,2020-2021
Joseph Aidoo,18,gh GHA,CB,24-349,90,0,0,0,0,1,0,0,0,40,3,1,0,0.2,0.2,0.2,1,0,16,29,55.2,2,15,0,0,0,1,2020-2021
Hugo Mallo,2,es ESP,RB,29-082,90,0,0,0,0,1,1,0,0,74,4,2,2,0.0,0.0,0.1,0,0,33,57,57.9,5,20,0,1,0,1,2020-2021
Iván Villar,1,es ESP,GK,23-065,90,0,0,0,0,0,0,0,0,34,0,0,0,0.0,0.0,0.0,0,0,14,32,43.8,0,13,0,0,0,1,2020-2021
Roberto Soldado,9,es ESP,FW,35-108,79,0,0,0,0,0,0,0,0,21,0,0,1,0.0,0.0,0.0,0,0,13,17,76.5,2,10,1,0,0,1,2020-2021
   Ramon Azeez,12,ng NGA,"FW,CM",27-275,11,0,0,0,0,0,0,0,0,7,0,0,0,0.0,0.0,0.0,0,0,7,7,100.0,1,3,0,0,0,1,2020-2021
Darwin Machís,11,ve VEN,LW,27-218,61,0,0,0,0,1,0,0,0,20,0,1,0,0.0,0.0,0.0,2,0,9,16,56.3,0,15,2,3,3,1,2020-2021
   Fede Vico,14,es ESP,"LW,RM",26-070,29,0,0,0,0,0,0,0,0,18,0,2,0,0.0,0.0,0.0,0,0,10,13,76.9,2,9,1,1,0,1,2020-2021
Antonio Puertas,10,es ESP,"RW,FW",28-204,90,0,0,0,0,0,0,0,0,41,0,1,1,0.0,0.0,0.0,0,0,23,32,71.9,1,24,3,2,1,1,2020-2021
Yangel Herrera,21,ve VEN,AM,22-242,79,1,0,0,0,2,1,1,0,42,1,1,2,0.3,0.3,0.0,1,0,21,30,70.0,4,14,0,1,1,1,2020-2021
   Kenedy,24,br BRA,"AM,LM",24-217,11,0,0,0,0,0,0,0,0,9,0,0,1,0.0,0.0,0.0,0,0,4,5,80.0,1,3,0,2,1,1,2020-2021
Ángel Montoro,19,es ESP,DM,32-079,61,0,1,0,0,0,0,0,0,36,0,0,1,0.0,0.0,0.3,2,1,20,31,64.5,2,15,0,0,0,1,2020-2021
   Maxime Gonalons,4,fr FRA,"DM,CM",31-186,29,0,0,0,0,0,0,1,0,17,1,0,0,0.0,0.0,0.0,0,0,9,11,81.8,0,7,0,0,0,1,2020-2021
Luis Milla,5,es ESP,DM,25-341,88,1,0,0,0,1,1,0,0,41,0,3,0,0.0,0.0,0.0,1,1,26,35,74.3,2,16,2,2,2,1,2020-2021
   Víctor Díaz,16,es ESP,CB,32-092,2,0,0,0,0,0,0,0,0,5,0,0,0,0.0,0.0,0.0,0,0,2,3,66.7,0,2,0,0,0,1,2020-2021
Carlos Neva,15,es ESP,LB,24-092,90,0,0,0,0,0,0,0,0,50,0,3,0,0.0,0.0,0.0,1,1,28,43,65.1,2,17,1,1,1,1,2020-2021
Domingos Duarte,22,pt POR,CB,25-186,90,0,0,0,0,0,0,0,0,33,0,1,0,0.0,0.0,0.0,0,0,16,26,61.5,2,12,0,0,0,1,2020-2021
Germán Sánchez,6,es ESP,CB,33-275,90,0,0,0,0,0,0,1,0,46,0,2,0,0.0,0.0,0.0,0,0,17,34,50.0,0,16,0,0,0,1,2020-2021
Dimitri Foulquier,2,fr FRA,RB,27-173,90,0,0,0,0,0,0,0,0,40,2,1,0,0.0,0.0,0.0,0,0,21,29,72.4,3,9,0,0,0,1,2020-2021
Rui Silva,1,pt POR,GK,26-218,90,0,0,0,0,0,0,0,0,39,0,0,0,0.0,0.0,0.0,0,0,23,38,60.5,0,19,0,0,0,1,2020-2021
Raúl García,22,es ESP,FW,34-063,72,0,0,0,0,2,0,0,0,31,0,0,2,0.1,0.1,0.0,1,0,9,24,37.5,3,11,1,0,0,1,2020-2021
   Asier Villalibre,20,es ESP,FW,22-348,18,0,0,0,0,0,0,0,0,1,0,0,0,0.0,0.0,0.0,0,0,0,1,0.0,0,1,0,0,0,1,2020-2021
Jon Morcillo,32,es ESP,LW,21-363,90,0,0,0,0,2,0,1,0,44,0,0,0,0.2,0.2,0.1,3,0,19,36,52.8,3,35,5,3,3,1,2020-2021
Óscar de Marcos,18,es ESP,"RW,RB",31-151,90,0,0,0,0,1,1,0,0,53,1,0,1,0.0,0.0,0.0,2,0,32,48,66.7,3,33,2,0,0,1,2020-2021
Iker Muniain,10,es ESP,AM,27-268,72,0,0,0,0,1,1,0,0,29,0,0,0,0.1,0.1,0.2,3,0,23,28,82.1,2,17,3,0,0,1,2020-2021
   Oihan Sancet,16,es ESP,AM,20-140,18,0,0,0,0,0,0,0,0,9,1,0,0,0.0,0.0,0.0,0,0,4,6,66.7,0,5,0,0,0,1,2020-2021
Mikel Vesga,6,es ESP,DM,27-114,55,0,0,0,0,0,0,0,0,32,1,0,0,0.0,0.0,0.0,0,0,19,29,65.5,1,16,1,0,0,1,2020-2021
   Unai López,8,es ESP,DM,24-318,35,0,0,0,0,0,0,1,0,39,1,0,1,0.0,0.0,0.0,2,0,30,35,85.7,7,25,1,1,0,1,2020-2021
Dani García,14,es ESP,DM,30-111,79,0,0,0,0,0,0,0,0,60,1,1,0,0.0,0.0,0.1,2,0,41,56,73.2,3,30,0,0,0,1,2020-2021
   Unai Vencedor Paris,27,es ESP,DM,19-302,11,0,0,0,0,0,0,0,0,21,0,0,0,0.0,0.0,0.0,0,0,18,21,85.7,4,16,0,0,0,1,2020-2021
Mikel Balenziaga,24,es ESP,LB,32-196,90,0,0,0,0,0,0,0,0,63,3,0,1,0.0,0.0,0.0,1,0,40,54,74.1,4,27,0,0,0,1,2020-2021
Iñigo Martínez,4,es ESP,CB,29-118,90,0,0,0,0,0,0,1,0,62,1,2,0,0.0,0.0,0.0,1,0,47,56,83.9,6,39,0,0,0,1,2020-2021
Yeray Álvarez,5,es ESP,CB,25-232,90,0,0,0,0,0,0,1,0,80,0,4,0,0.0,0.0,0.0,0,0,63,71,88.7,4,50,1,0,0,1,2020-2021
Ander Capa,21,es ESP,RB,28-217,55,0,0,0,0,0,0,0,0,31,1,0,0,0.0,0.0,0.0,1,0,21,29,72.4,2,13,2,1,1,1,2020-2021
   Iñaki Williams,9,gh GHA,"RW,RB",26-089,35,0,0,0,0,3,0,0,0,11,1,0,0,0.2,0.2,0.0,0,0,5,6,83.3,0,7,1,0,0,1,2020-2021
Unai Simón,1,es ESP,GK,23-093,90,0,0,0,0,0,0,0,0,45,0,0,0,0.0,0.0,0.0,0,0,33,44,75.0,0,32,0,0,0,1,2020-2021
Álvaro Negredo,18,es ESP,FW,35-023,77,0,0,0,0,0,0,0,0,20,0,0,1,0.0,0.0,0.0,0,0,12,19,63.2,3,14,0,0,0,1,2020-2021
   Anthony Lozano,9,hn HON,FW,27-140,13,0,0,0,0,0,0,0,0,5,0,0,0,0.0,0.0,0.0,0,0,2,3,66.7,0,3,0,0,0,1,2020-2021
Jorge Pombo,11,es ESP,LW,26-203,90,0,0,0,0,4,1,0,0,54,3,0,1,0.2,0.2,0.2,3,0,20,31,64.5,5,29,6,7,4,1,2020-2021
Salvi,7,es ESP,RW,29-166,76,0,0,0,0,2,1,0,0,43,1,1,1,0.2,0.2,0.1,4,0,24,33,72.7,3,19,1,1,1,1,2020-2021
   Iván Alejo,14,es ESP,RW,25-215,14,0,0,0,0,0,0,1,0,9,0,0,0,0.0,0.0,0.0,2,0,5,7,71.4,0,9,3,3,2,1,2020-2021
Yann Bodiger,12,fr FRA,AM,25-216,45,0,0,0,0,0,0,0,0,23,1,0,1,0.0,0.0,0.1,1,0,8,17,47.1,0,10,0,0,0,1,2020-2021
   Filip Malbašić,24,rs SRB,AM,27-299,45,0,0,0,0,0,0,1,0,11,0,0,0,0.0,0.0,0.0,1,0,4,8,50.0,2,10,3,2,2,1,2020-2021
José Mari,6,es ESP,DM,32-281,63,0,0,0,0,1,0,0,0,47,3,1,0,0.0,0.0,0.0,1,0,23,35,65.7,0,12,0,2,0,1,2020-2021
   Álex Fernández,8,es ESP,DM,27-333,27,0,0,0,0,1,0,0,0,23,0,1,0,0.0,0.0,0.1,2,0,18,21,85.7,3,12,0,0,0,1,2020-2021
Sergio González,23,es ESP,"DM,CB",23-121,90,0,0,0,0,1,0,0,0,38,1,2,0,0.1,0.1,0.0,0,0,20,30,66.7,0,18,0,0,0,1,2020-2021
Alfonso Espino,22,uy URU,LB,28-251,90,0,0,0,0,0,0,0,0,44,1,2,0,0.0,0.0,0.0,4,0,28,36,77.8,4,18,0,0,0,1,2020-2021
Cala,16,es ESP,CB,30-291,90,0,0,0,0,1,0,0,0,48,0,3,0,0.1,0.1,0.0,1,0,24,39,61.5,2,22,0,0,0,1,2020-2021
Marcos Mauro López Gutiérrez,4,ar ARG,CB,29-247,63,0,0,0,0,0,0,0,0,27,1,0,0,0.0,0.0,0.0,0,0,14,20,70.0,1,11,0,0,0,1,2020-2021
   Jens Jønsson,2,dk DEN,DM,27-246,27,0,0,0,0,1,0,0,0,10,2,0,0,0.1,0.1,0.0,0,0,4,7,57.1,0,5,0,0,0,1,2020-2021
Isaac Carcelen,20,es ESP,RB,27-142,90,0,0,0,0,1,1,0,0,73,5,1,0,0.0,0.0,0.1,3,0,48,64,75.0,11,36,1,2,2,1,2020-2021
David Gil,13,es ESP,GK,26-245,90,0,0,0,0,0,0,0,0,39,0,0,0,0.0,0.0,0.0,0,0,12,38,31.6,0,19,0,0,0,1,2020-2021
Adrián López,20,es ESP,FW,32-248,74,1,0,0,0,1,1,0,0,45,1,0,0,0.4,0.4,0.0,2,0,18,33,54.5,1,22,3,7,2,1,2020-2021
   Marc Cardona,17,es ESP,FW,25-066,16,0,0,0,0,0,0,0,0,9,1,0,0,0.0,0.0,0.0,0,0,5,7,71.4,1,4,0,0,0,1,2020-2021
Rubén García,14,es ESP,"FW,LM",27-060,84,1,0,0,0,1,1,0,0,37,1,0,0,0.2,0.2,0.0,0,0,16,29,55.2,4,17,2,2,0,1,2020-2021
   Kike Barja,11,es ESP,LM,23-164,6,0,0,0,0,0,0,0,0,8,0,0,0,0.0,0.0,0.0,0,0,4,4,100.0,0,6,0,3,1,1,2020-2021
Iñigo Pérez,21,es ESP,LM,32-238,70,0,0,0,0,0,0,0,0,33,0,0,1,0.0,0.0,0.0,2,0,22,30,73.3,3,13,1,0,0,1,2020-2021
   Lucas Torró,24,es ESP,"FW,LM",26-055,20,0,1,0,0,0,0,0,0,12,0,0,1,0.0,0.0,0.2,1,1,5,10,50.0,1,2,0,0,0,1,2020-2021
Oier Sanjurjo,6,es ESP,CM,34-110,90,0,1,0,0,0,0,0,0,52,2,1,1,0.0,0.0,0.4,2,2,28,40,70.0,5,11,0,1,0,1,2020-2021
Jon Moncayola,27,es ESP,CM,22-122,90,0,0,0,0,1,0,0,0,39,3,1,1,0.0,0.0,0.1,1,0,19,28,67.9,2,15,0,1,0,1,2020-2021
Roberto Torres,10,es ESP,RM,31-189,90,0,0,0,0,1,0,0,0,26,0,0,1,0.0,0.0,0.0,0,0,10,21,47.6,1,6,1,0,0,1,2020-2021
Juan Cruz Armada,3,es ESP,LB,28-046,90,0,0,0,0,0,0,1,0,47,1,1,0,0.0,0.0,0.0,0,0,28,42,66.7,1,16,0,1,0,1,2020-2021
David García,5,es ESP,CB,26-211,90,0,0,0,0,1,1,1,0,50,1,1,0,0.1,0.1,0.0,0,0,16,39,41.0,2,11,0,0,0,1,2020-2021
Aridane Hernández,23,es ESP,CB,31-173,90,0,0,0,0,0,0,0,0,39,0,1,1,0.0,0.0,0.1,1,0,22,32,68.8,3,14,0,0,0,1,2020-2021
Nacho Vidal,2,es ESP,RB,25-232,90,0,0,0,0,1,1,0,0,38,4,1,1,0.1,0.1,0.0,1,1,18,27,66.7,1,10,0,2,1,1,2020-2021
Sergio Herrera,1,es ESP,GK,27-099,90,0,0,0,0,0,0,0,0,36,0,0,0,0.0,0.0,0.0,1,0,16,33,48.5,0,15,0,0,0,1,2020-2021
Lucas Pérez,7,es ESP,FW,32-003,64,0,0,0,0,0,0,0,0,19,0,0,0,0.0,0.0,0.3,2,0,9,16,56.3,3,13,0,1,1,1,2020-2021
   Javi López,26,es ESP,FW,18-256,26,0,0,0,0,0,0,1,0,13,2,0,0,0.0,0.0,0.0,1,0,5,9,55.6,0,3,0,1,0,1,2020-2021
Joselu,9,es ESP,FW,30-170,90,0,0,0,0,1,0,0,0,38,0,0,1,0.0,0.0,0.0,3,0,16,29,55.2,9,27,1,4,3,1,2020-2021
Luis Rioja,11,es ESP,LW,26-333,65,0,0,0,0,0,0,1,0,42,1,1,2,0.0,0.0,0.0,0,0,19,31,61.3,0,20,2,4,0,1,2020-2021
   Deyverson,14,br BRA,LW,29-128,25,0,0,0,0,0,0,0,0,12,0,0,1,0.0,0.0,0.0,1,0,3,8,37.5,0,7,1,1,0,1,2020-2021
Édgar Méndez,16,es ESP,RW,30-255,88,0,0,0,0,0,0,0,0,31,2,0,2,0.0,0.0,0.0,0,0,14,23,60.9,1,12,2,1,0,1,2020-2021
   Martin Agirregabiria,21,es ESP,RW,24-126,2,0,0,0,0,0,0,0,0,3,0,0,0,0.0,0.0,0.0,0,0,2,3,66.7,0,0,0,0,0,1,2020-2021
Pere Pons,20,es ESP,CM,27-206,89,0,0,0,0,0,0,0,0,28,1,1,0,0.0,0.0,0.0,0,0,16,22,72.7,2,16,0,1,0,1,2020-2021
   Sergi García,27,es ESP,CM,21-152,1,0,0,0,0,0,0,0,0,0,0,0,0,0.0,0.0,0.0,0,0,0,0,,0,0,0,0,0,1,2020-2021
Tomás Pina Isla,8,es ESP,CM,32-335,90,0,0,0,0,0,0,1,0,30,1,0,2,0.0,0.0,0.0,0,0,18,22,81.8,2,17,0,1,0,1,2020-2021
Rodrigo Battaglia,6,ar ARG,DM,29-063,90,0,0,0,0,2,1,0,0,37,0,1,1,0.2,0.2,0.0,1,0,28,31,90.3,1,22,2,2,1,1,2020-2021
Rubén Duarte,3,es ESP,CB,24-331,90,0,0,0,0,1,0,0,0,67,4,9,1,0.2,0.2,0.1,2,0,35,52,67.3,2,37,0,0,0,1,2020-2021
Rodrigo Ely,4,br BRA,CB,26-315,90,0,0,0,0,1,0,0,0,46,0,1,0,0.1,0.1,0.1,1,0,34,42,81.0,2,22,0,0,0,1,2020-2021
Víctor Laguardia,5,es ESP,CB,30-313,90,0,0,0,0,2,1,0,0,40,1,1,0,0.8,0.8,0.0,0,0,26,34,76.5,2,23,0,0,0,1,2020-2021
Fernando Pacheco,1,es ESP,GK,28-118,90,0,0,0,0,0,0,0,0,31,0,0,0,0.0,0.0,0.0,0,0,25,31,80.6,0,22,0,0,0,1,2020-2021
Borja Iglesias,9,es ESP,FW,27-240,90,0,0,0,0,0,0,1,0,16,0,0,0,0.0,0.0,0.0,1,0,9,13,69.2,0,8,1,0,0,1,2020-2021
Sergio Canales,10,es ESP,LW,29-210,90,0,1,0,0,2,0,0,0,57,0,1,0,0.1,0.1,0.1,5,1,33,47,70.2,2,30,2,3,2,1,2020-2021
Nabil Fekir,8,fr FRA,RW,27-057,89,0,0,0,0,1,0,0,0,31,0,0,0,0.0,0.0,0.0,2,0,21,26,80.8,2,24,3,1,1,1,2020-2021
   Diego Lainez,20,mx MEX,RW,20-096,1,0,0,0,0,0,0,0,0,2,0,0,0,0.0,0.0,0.0,1,1,2,2,100.0,1,2,0,0,0,1,2020-2021
Joaquín,17,es ESP,AM,39-054,66,0,0,0,0,1,1,0,0,34,0,0,1,0.1,0.1,0.0,2,0,20,29,69.0,4,15,0,1,1,1,2020-2021
   Aitor Ruibal,24,es ESP,AM,24-175,24,0,0,0,0,1,1,0,0,15,0,0,0,0.0,0.0,0.0,0,0,10,10,100.0,2,6,0,1,0,1,2020-2021
William Carvalho,14,pt POR,DM,28-159,81,0,0,0,0,0,0,0,0,46,0,0,0,0.0,0.0,0.0,0,0,39,45,86.7,4,19,0,0,0,1,2020-2021
   Cristian Tello,11,es ESP,DM,29-033,9,1,0,0,0,2,1,0,0,7,0,1,0,0.1,0.1,0.0,0,0,4,4,100.0,0,1,0,0,0,1,2020-2021
Guido Rodríguez,21,ar ARG,DM,26-154,90,0,0,0,0,1,0,0,0,52,6,0,3,0.0,0.0,0.0,1,0,32,40,80.0,1,22,0,2,2,1,2020-2021
Álex Moreno,15,es ESP,LB,27-097,90,0,0,0,0,2,0,1,0,54,2,1,0,0.1,0.1,0.0,0,0,37,48,77.1,2,25,1,0,0,1,2020-2021
Marc Bartra,5,es ESP,CB,29-242,90,0,0,0,0,1,1,0,0,65,0,1,1,0.1,0.1,0.0,0,0,50,58,86.2,4,33,0,0,0,1,2020-2021
Aïssa Mandi,23,dz ALG,CB,28-327,90,0,0,0,0,0,0,0,0,62,2,0,2,0.0,0.0,0.0,0,0,42,57,73.7,3,25,0,0,0,1,2020-2021
Emerson,22,br BRA,RB,21-243,90,0,0,0,0,0,0,1,0,73,5,3,2,0.0,0.0,0.2,7,0,50,60,83.3,5,31,2,1,1,1,2020-2021
Claudio Bravo,25,cl CHI,GK,37-153,90,0,0,0,0,0,0,0,0,33,0,0,0,0.0,0.0,0.0,0,0,17,31,54.8,0,14,0,0,0,1,2020-2021
Sergi Guardiola,7,es ESP,FW,29-107,90,0,1,0,0,2,0,0,0,28,0,0,0,0.2,0.2,0.2,3,2,9,20,45.0,1,17,2,3,2,1,2020-2021
Waldo Rubio,23,es ESP,LW,25-027,79,0,0,0,0,2,0,1,0,24,1,0,3,0.1,0.1,0.0,1,0,11,15,73.3,1,15,2,2,0,1,2020-2021
   Shon Weissman,9,il ISR,FW,24-212,11,0,0,0,0,0,0,0,0,1,0,0,0,0.0,0.0,0.0,0,0,0,1,0.0,0,1,0,0,0,1,2020-2021
Óscar Plano,10,es ESP,RW,29-215,69,0,0,0,0,1,0,0,0,15,1,0,2,0.0,0.0,0.0,0,0,7,9,77.8,0,2,0,0,0,1,2020-2021
   Pablo Hervías,11,es ESP,"RM,RW",27-189,21,0,0,0,0,0,0,0,0,11,0,0,0,0.0,0.0,0.0,0,0,6,9,66.7,2,9,2,1,0,1,2020-2021
Fabián Orellana,12,cl CHI,"AM,LM",34-230,90,0,0,0,0,1,1,0,0,30,1,0,1,0.3,0.3,0.1,4,0,14,20,70.0,3,17,3,3,2,1,2020-2021
Fede San Emeterio,20,es ESP,"DM,CM",23-181,90,0,0,0,0,0,0,0,0,28,2,3,1,0.0,0.0,0.0,0,0,11,17,64.7,0,15,0,0,0,1,2020-2021
Míchel,21,es ESP,DM,32-046,69,1,0,0,0,1,1,1,0,34,1,0,0,0.2,0.2,0.0,1,0,18,29,62.1,2,12,0,1,0,1,2020-2021
   Kike Pérez,8,es ESP,"CM,DM",23-212,21,0,0,0,0,0,0,0,0,13,2,0,0,0.0,0.0,0.0,0,0,4,9,44.4,0,5,0,1,0,1,2020-2021
Nacho,22,es ESP,LB,31-190,90,0,0,0,0,0,0,1,0,53,2,2,3,0.0,0.0,0.5,3,0,29,39,74.4,5,20,2,0,0,1,2020-2021
Bruno González,6,es ESP,CB,30-112,90,0,0,0,0,1,0,0,0,39,1,1,1,0.0,0.0,0.0,1,0,23,31,74.2,0,16,0,0,0,1,2020-2021
Joaquín Fernández,24,es ESP,CB,24-105,90,0,0,0,0,0,0,1,0,37,1,2,0,0.0,0.0,0.0,0,0,20,26,76.9,0,17,0,0,0,1,2020-2021
Javi Moyano,17,es ESP,RB,34-203,90,0,0,0,0,0,0,0,0,37,0,0,2,0.0,0.0,0.0,0,0,23,33,69.7,1,10,0,0,0,1,2020-2021
Jordi Masip,1,es ESP,GK,31-254,90,0,0,0,0,0,0,0,0,42,0,0,0,0.0,0.0,0.0,0,0,22,42,52.4,0,17,0,0,0,1,2020-2021
Alexander Isak,19,se SWE,FW,20-358,77,0,0,0,0,1,0,0,0,24,0,0,0,0.1,0.1,0.0,2,0,13,20,65.0,2,11,0,0,0,1,2020-2021
   Jon Bautista,25,es ESP,FW,25-072,13,0,0,0,0,0,0,0,0,5,0,0,0,0.0,0.0,0.0,0,0,0,3,0.0,0,3,0,0,0,1,2020-2021
Ander Barrenetxea,22,es ESP,LM,18-261,77,0,0,0,0,1,0,0,0,26,1,0,1,0.0,0.0,0.1,1,0,14,16,87.5,3,21,2,3,2,1,2020-2021
   Adnan Januzaj,11,be BEL,CM,25-221,13,0,0,0,0,0,0,0,0,7,0,0,0,0.0,0.0,0.0,0,0,0,5,0.0,0,5,0,1,0,1,2020-2021
Mikel Merino,8,es ESP,CM,24-083,90,0,0,0,0,0,0,0,0,57,2,1,3,0.0,0.0,0.0,2,0,29,45,64.4,3,26,0,1,1,1,2020-2021
Roberto López,28,es ESP,CM,20-142,77,1,0,0,0,2,1,0,0,45,0,1,0,0.1,0.1,0.0,1,0,22,38,57.9,3,18,0,0,0,1,2020-2021
   Mikel Oyarzabal,10,es ESP,LM,23-145,13,0,0,0,0,0,0,0,0,3,0,0,0,0.0,0.0,0.0,0,0,1,2,50.0,0,2,0,0,0,1,2020-2021
Portu,7,es ESP,RM,28-115,90,0,0,0,0,1,0,0,0,38,1,1,0,0.0,0.0,0.1,4,1,17,29,58.6,1,22,5,5,2,1,2020-2021
Igor Zubeldia,5,es ESP,DM,23-167,90,0,0,0,0,1,0,0,0,52,3,1,1,0.0,0.0,0.0,0,0,38,45,84.4,4,24,0,0,0,1,2020-2021
Aihen Muñoz,12,es ESP,LB,23-028,90,0,0,0,0,2,1,0,0,47,1,0,2,0.1,0.1,0.0,1,0,27,41,65.9,3,26,1,2,2,1,2020-2021
Diego Llorente,3,es ESP,CB,27-028,90,0,0,0,0,0,0,0,0,66,1,2,1,0.0,0.0,0.0,0,0,48,59,81.4,3,44,2,0,0,1,2020-2021
Aritz Elustondo,6,es ESP,CB,26-169,90,0,0,0,0,0,0,1,0,57,1,1,0,0.0,0.0,0.0,1,1,42,51,82.4,7,38,0,0,0,1,2020-2021
Andoni Gorosabel,18,es ESP,RB,24-040,90,0,0,0,0,0,0,0,0,72,2,0,0,0.0,0.0,0.0,3,0,50,64,78.1,1,40,3,3,2,1,2020-2021
Álex Remiro,1,es ESP,GK,25-173,90,0,0,0,0,0,0,0,0,29,0,0,0,0.0,0.0,0.0,0,0,26,27,96.3,0,12,0,0,0,1,2020-2021
Paco Alcácer,17,es ESP,FW,27-014,76,0,0,0,0,2,0,0,0,13,0,0,1,0.5,0.5,0.0,0,0,4,9,44.4,0,5,0,0,0,1,2020-2021
   Takefusa Kubo,16,jp JPN,LM,19-101,14,0,0,0,0,1,0,0,0,9,0,0,0,0.0,0.0,0.6,1,0,3,4,75.0,0,8,0,1,1,1,2020-2021
Gerard Moreno,7,es ESP,FW,28-159,90,1,0,1,1,5,2,0,0,60,0,0,0,1.1,0.4,0.4,5,1,25,44,56.8,8,35,3,6,5,1,2020-2021
Moi Gómez,23,es ESP,"LM,FW",26-082,89,0,0,0,0,1,0,0,0,55,1,0,0,0.0,0.0,0.4,4,0,41,52,78.8,7,35,3,1,0,1,2020-2021
   Fernando Niño,34,es ESP,FW,19-325,1,0,0,0,0,1,1,0,0,2,0,0,0,0.6,0.6,0.0,0,0,1,1,100.0,0,1,0,0,0,1,2020-2021
Daniel Parejo,5,es ESP,CM,31-150,90,0,0,0,0,1,0,0,0,99,0,2,0,0.0,0.0,0.0,6,0,80,95,84.2,20,50,5,0,0,1,2020-2021
Francis Coquelin,19,fr FRA,CM,29-123,76,0,0,0,0,0,0,0,0,49,3,3,0,0.0,0.0,0.0,2,0,40,43,93.0,3,31,1,1,1,1,2020-2021
   Vicente Iborra,10,es ESP,CM,32-241,14,0,0,0,0,0,0,0,0,15,0,1,0,0.0,0.0,0.0,1,0,11,13,84.6,2,8,0,0,0,1,2020-2021
Samuel Chukwueze,11,ng NGA,RM,21-114,90,0,0,0,0,3,0,0,0,58,3,0,1,0.2,0.2,0.1,4,0,38,45,84.4,6,42,5,1,0,1,2020-2021
Alfonso Pedraza,24,es ESP,LB,24-157,90,0,0,0,0,0,0,1,0,66,1,2,0,0.0,0.0,0.2,3,0,49,58,84.5,3,39,5,0,0,1,2020-2021
Pau Torres,4,es ESP,CB,23-241,90,0,0,0,0,0,0,0,0,68,1,4,1,0.0,0.0,0.0,0,0,54,60,90.0,7,37,1,0,0,1,2020-2021
Raúl Albiol,3,es ESP,CB,35-009,90,0,0,0,0,0,0,0,0,83,0,0,1,0.0,0.0,0.0,0,0,68,77,88.3,7,46,1,0,0,1,2020-2021
Rubén Peña,20,es ESP,RB,29-057,76,0,0,0,0,0,0,0,0,71,2,0,1,0.0,0.0,0.0,1,0,49,64,76.6,4,43,4,4,3,1,2020-2021
   Mario Gaspar,2,es ESP,RB,29-294,14,0,0,0,0,0,0,0,0,13,0,0,0,0.0,0.0,0.0,0,0,9,13,69.2,2,10,1,0,0,1,2020-2021
Sergio Asenjo,1,es ESP,GK,31-077,90,0,0,0,0,0,0,0,0,32,0,0,0,0.0,0.0,0.0,1,0,25,31,80.6,0,18,0,0,0,1,2020-2021
Shinji Okazaki,12,jp JPN,FW,34-150,90,0,0,0,0,2,0,0,0,23,1,0,0,0.1,0.1,0.0,1,0,9,12,75.0,3,15,0,0,0,1,2020-2021
David Ferreiro,7,es ESP,LW,32-165,61,0,0,0,0,0,0,0,0,39,1,1,1,0.0,0.0,0.1,3,0,18,34,52.9,1,23,5,1,1,1,2020-2021
   Eugeni Valderrama,8,es ESP,LW,26-056,29,0,0,0,0,0,0,0,0,14,1,2,0,0.0,0.0,0.2,3,0,9,10,90.0,1,6,0,0,0,1,2020-2021
Rafa Mir,9,es ESP,RW,23-087,88,0,0,0,0,2,1,0,0,36,0,2,0,0.1,0.1,0.0,1,0,12,21,57.1,4,22,3,2,1,1,2020-2021
   Joaquín Muñoz,6,es ESP,RW,21-187,2,0,0,0,0,1,1,0,0,4,0,0,0,0.0,0.0,0.0,1,0,1,2,50.0,0,3,2,0,0,1,2020-2021
Juan Carlos,21,es ESP,AM,29-182,61,0,1,0,0,1,0,0,0,29,2,1,2,0.1,0.1,0.2,4,2,14,18,77.8,4,17,0,2,2,1,2020-2021
   Kelechi Nwakali,26,ng NGA,AM,22-100,29,0,0,0,0,0,0,0,0,11,1,0,1,0.0,0.0,0.0,0,0,6,6,100.0,0,8,0,1,0,1,2020-2021
Pedro Mosquera,5,es ESP,DM,32-145,90,0,0,0,0,0,0,1,0,37,3,0,4,0.0,0.0,0.0,1,0,24,28,85.7,4,15,1,2,1,1,2020-2021
Mikel Rico,17,es ESP,DM,35-314,77,0,0,0,0,0,0,0,0,37,1,1,0,0.0,0.0,0.0,2,0,26,33,78.8,3,28,1,2,1,1,2020-2021
   Jaime Seoane,20,es ESP,DM,23-235,13,0,0,0,0,1,0,0,0,7,0,0,0,0.1,0.1,0.0,1,0,4,5,80.0,1,7,0,1,1,1,2020-2021
Javi Galán,11,es ESP,LB,25-299,90,0,0,0,0,0,0,0,0,54,2,1,0,0.0,0.0,0.0,0,0,21,36,58.3,1,33,0,3,2,1,2020-2021
Pablo Insua,4,es ESP,CB,27-004,90,0,0,0,0,1,0,0,0,37,2,3,1,0.1,0.1,0.0,0,0,20,27,74.1,1,20,0,0,0,1,2020-2021
Jorge Pulido,14,es ESP,CB,29-158,90,0,0,0,0,0,0,0,0,34,0,2,1,0.0,0.0,0.0,0,0,21,25,84.0,2,13,0,0,0,1,2020-2021
Pablo Maffeo,3,es ESP,RB,23-063,88,1,0,0,0,2,1,0,0,44,1,2,1,0.3,0.3,0.0,0,0,21,32,65.6,2,22,3,1,0,1,2020-2021
   Luisinho,16,pt POR,RB,35-131,2,0,0,0,0,0,0,0,0,2,0,1,0,0.0,0.0,0.0,0,0,0,1,0.0,0,0,0,0,0,1,2020-2021
Andrés Fernández,25,es ESP,GK,33-271,90,0,0,0,0,0,0,0,0,37,0,0,0,0.0,0.0,0.0,0,0,21,32,65.6,0,18,0,0,0,1,2020-2021
Lee Kang-in,20,kr KOR,FW,19-207,70,0,2,0,0,1,0,0,0,23,1,0,0,0.1,0.1,0.2,4,2,18,19,94.7,6,13,3,1,1,1,2020-2021
   Manu Vallejo,21,es ESP,FW,23-212,20,2,0,0,0,3,3,0,0,11,0,0,0,1.0,1.0,0.0,0,0,3,6,50.0,0,9,1,1,0,1,2020-2021
Maxi Gómez,22,uy URU,FW,24-030,90,1,0,0,0,4,3,0,0,25,0,0,0,0.5,0.5,0.1,5,2,10,15,66.7,1,14,1,1,1,1,2020-2021
Gonçalo Guedes,7,pt POR,LM,23-289,70,0,0,0,0,1,1,0,0,29,0,1,0,0.0,0.0,0.3,3,0,18,22,81.8,3,24,4,6,6,1,2020-2021
   Denis Cheryshev,17,ru RUS,LM,29-262,20,0,1,0,0,0,0,0,0,15,0,0,0,0.0,0.0,0.4,3,1,10,13,76.9,1,10,3,0,0,1,2020-2021
Geoffrey Kondogbia,6,cf CTA,CM,27-211,90,0,0,0,0,1,0,0,0,43,4,2,1,0.0,0.0,0.0,1,0,28,31,90.3,3,28,0,1,1,1,2020-2021
Vicente Esquerdo,26,es ESP,CM,21-255,71,0,0,0,0,1,0,0,0,37,1,2,0,0.0,0.0,0.0,0,0,27,33,81.8,1,21,0,1,1,1,2020-2021
   Uroš Račić,19,rs SRB,CM,22-180,19,0,0,0,0,1,0,1,0,10,3,1,0,0.0,0.0,0.0,0,0,6,7,85.7,1,5,0,0,0,1,2020-2021
Yunus Musah,30,us USA,RM,17-289,87,0,0,0,0,1,0,0,0,33,2,2,3,0.3,0.3,0.1,1,0,16,21,76.2,0,23,5,3,3,1,2020-2021
   Rubén Sobrino,11,es ESP,RM,28-104,3,0,0,0,0,0,0,0,0,3,0,0,0,0.0,0.0,0.0,0,0,2,2,100.0,0,1,1,0,0,1,2020-2021
José Luis Gayà,14,es ESP,LB,25-111,90,0,0,0,0,0,0,0,0,51,2,1,0,0.0,0.0,0.0,3,2,39,47,83.0,5,30,1,1,0,1,2020-2021
Eliaquim Mangala,4,fr FRA,CB,29-213,16,0,0,0,0,0,0,0,0,15,0,0,0,0.0,0.0,0.0,0,0,10,15,66.7,0,11,0,0,0,1,2020-2021
   Mouctar Diakhaby,12,gn GUI,CB,23-269,74,0,0,0,0,0,0,0,0,42,0,1,1,0.0,0.0,0.0,0,0,29,34,85.3,1,28,0,0,0,1,2020-2021
Gabriel Paulista,5,br BRA,CB,29-292,90,1,0,0,0,1,1,0,0,59,0,2,2,0.1,0.1,0.0,1,0,42,46,91.3,1,33,1,0,0,1,2020-2021
Daniel Wass,18,dk DEN,RB,31-105,90,0,0,0,0,0,0,0,0,60,3,1,0,0.0,0.0,0.4,2,0,37,52,71.2,1,34,2,1,0,1,2020-2021
Jaume Doménech,1,es ESP,GK,29-313,90,0,0,0,0,0,0,0,0,42,0,0,0,0.0,0.0,0.0,0,0,21,37,56.8,0,15,0,0,0,1,2020-2021
José Luis Morales,11,es ESP,FW,33-052,90,2,0,0,0,4,3,0,0,43,0,1,1,0.6,0.6,0.1,8,2,24,32,75.0,6,28,5,3,2,1,2020-2021
Sergio León,7,es ESP,FW,31-251,59,0,0,0,0,2,0,0,0,12,0,0,0,0.1,0.1,0.0,2,0,6,7,85.7,0,9,1,2,1,1,2020-2021
   Dani Gómez,21,es ESP,FW,22-045,31,0,0,0,0,1,0,0,0,9,0,0,0,0.1,0.1,0.0,0,0,4,6,66.7,1,6,0,0,0,1,2020-2021
Enis Bardhi,10,mk MKD,LM,25-073,75,0,0,0,0,4,3,0,0,40,1,0,0,0.9,0.9,0.1,3,0,24,32,75.0,3,26,1,2,2,1,2020-2021
   Jorge de Frutos,18,es ESP,"RM,LM",23-206,15,0,0,0,0,0,0,0,0,7,0,0,0,0.0,0.0,0.0,0,0,3,4,75.0,0,5,2,5,2,1,2020-2021
Gonzalo Melero,22,es ESP,CM,26-255,75,0,0,0,0,0,0,0,0,63,1,0,1,0.0,0.0,0.0,4,0,57,62,91.9,7,34,1,1,1,1,2020-2021
   Nikola Vukčević,17,me MNE,CM,28-275,15,0,0,0,0,0,0,0,0,9,0,0,0,0.0,0.0,0.0,1,0,8,9,88.9,1,7,0,0,0,1,2020-2021
Nemanja Radoja,5,rs SRB,CM,27-220,84,0,0,0,0,2,0,1,0,69,0,1,1,0.0,0.0,0.1,3,1,58,62,93.5,11,43,1,0,0,1,2020-2021
   Sergio Postigo,15,es ESP,"CM,CB",31-314,6,0,0,0,0,0,0,0,0,5,0,0,0,0.0,0.0,0.0,0,0,4,5,80.0,2,5,0,0,0,1,2020-2021
José Campaña,24,es ESP,"RM,LM",27-105,90,0,0,0,0,4,2,0,0,68,0,3,0,0.2,0.2,0.1,3,0,41,51,80.4,13,51,6,5,3,1,2020-2021
Carlos Clerc,19,es ESP,LB,28-205,90,0,0,0,0,0,0,0,0,71,3,0,2,0.0,0.0,0.0,2,0,52,66,78.8,6,43,5,2,1,1,2020-2021
Rober,4,es ESP,CB,25-210,90,0,0,0,0,0,0,1,0,56,0,1,1,0.0,0.0,0.0,0,0,42,49,85.7,8,29,1,0,0,1,2020-2021
Óscar Duarte,6,cr CRC,CB,31-102,84,0,0,0,0,1,0,0,0,41,0,0,1,0.0,0.0,0.0,2,0,32,36,88.9,4,22,0,0,0,1,2020-2021
   Coke,23,es ESP,"CB,CM",33-140,6,0,0,0,0,0,0,0,0,2,0,0,0,0.0,0.0,0.0,0,0,1,1,100.0,0,1,0,0,0,1,2020-2021
Jorge Miramón,20,es ESP,RB,31-103,90,0,1,0,0,1,0,0,0,68,1,0,0,0.0,0.0,0.5,5,1,51,63,81.0,4,41,2,1,1,1,2020-2021
Aitor Fernández,13,es ESP,GK,29-133,90,0,0,0,0,0,0,0,0,30,0,1,0,0.0,0.0,0.0,0,0,20,27,74.1,0,15,0,0,0,1,2020-2021
Paco Alcácer,17,es ESP,FW,27-020,84,1,0,0,0,2,2,0,0,18,0,0,1,0.9,0.9,0.0,0,0,8,12,66.7,0,6,2,0,0,2,2020-2021
   Manu Trigueros,14,es ESP,FW,28-338,6,0,0,0,0,0,0,0,0,4,0,0,0,0.0,0.0,0.0,0,0,2,2,100.0,0,2,0,0,0,2,2020-2021
Gerard Moreno,7,es ESP,FW,28-165,90,1,1,0,0,5,4,0,0,55,1,1,1,1.1,1.1,0.6,7,2,23,36,63.9,10,35,0,5,3,2,2020-2021
Moi Gómez,23,es ESP,LM,26-088,90,0,0,0,0,0,0,0,0,45,1,0,0,0.0,0.0,0.2,5,1,27,42,64.3,2,32,1,2,1,2,2020-2021
Francis Coquelin,19,fr FRA,CM,29-129,57,0,0,0,0,1,0,1,0,34,4,1,0,0.1,0.1,0.0,0,0,22,27,81.5,1,17,1,2,2,2,2020-2021
   Vicente Iborra,10,es ESP,CM,32-247,33,0,0,0,0,0,0,0,0,26,0,1,2,0.0,0.0,0.0,1,0,17,18,94.4,0,11,0,0,0,2,2020-2021
Daniel Parejo,5,es ESP,CM,31-156,90,0,0,0,0,0,0,0,0,62,1,2,1,0.0,0.0,0.5,4,0,51,57,89.5,7,34,0,1,0,2,2020-2021
Samuel Chukwueze,11,ng NGA,RM,21-120,84,0,1,0,0,2,0,0,0,36,1,0,0,0.1,0.1,0.7,3,1,15,24,62.5,5,24,6,6,3,2,2020-2021
   Takefusa Kubo,16,jp JPN,RM,19-107,6,0,0,0,0,1,1,0,0,5,0,0,0,0.1,0.1,0.1,1,0,2,3,66.7,1,4,2,1,1,2,2020-2021
Alfonso Pedraza,24,es ESP,LB,24-163,57,0,0,0,0,0,0,0,0,47,0,3,0,0.0,0.0,0.0,1,0,29,39,74.4,2,21,2,1,1,2,2020-2021
   Pervis Estupiñán,15,ec ECU,LB,22-242,33,0,0,0,0,0,0,0,0,28,2,0,1,0.0,0.0,0.0,1,0,13,20,65.0,0,13,2,0,0,2,2020-2021
Pau Torres,4,es ESP,CB,23-247,90,0,0,0,0,0,0,0,0,69,1,1,0,0.0,0.0,0.0,0,0,52,60,86.7,4,43,0,0,0,2,2020-2021
Raúl Albiol,3,es ESP,CB,35-015,77,0,0,0,0,1,0,0,0,60,0,0,0,0.5,0.5,0.0,2,0,49,54,90.7,3,43,0,0,0,2,2020-2021
   Sofian Chakla,22,ma MAR,CB,27-017,13,0,0,0,0,1,0,0,0,10,0,0,0,0.1,0.1,0.0,0,0,4,9,44.4,0,2,0,0,0,2,2020-2021
Mario Gaspar,2,es ESP,RB,29-300,90,0,0,0,0,1,0,0,0,48,1,1,2,0.0,0.0,0.9,2,0,35,42,83.3,2,20,2,0,0,2,2020-2021
Sergio Asenjo,1,es ESP,GK,31-083,90,0,0,0,0,0,0,0,0,43,0,0,0,0.0,0.0,0.0,0,0,26,40,65.0,0,22,0,0,0,2,2020-2021
Kiké,17,es ESP,FW,30-299,83,1,0,0,0,3,2,0,0,30,1,0,0,0.6,0.6,0.0,2,1,13,17,76.5,1,19,2,3,2,2,2020-2021
   Sergi Enrich,9,es ESP,FW,30-206,7,0,0,0,0,1,0,0,0,5,0,0,0,0.1,0.1,0.0,0,0,1,2,50.0,0,1,0,1,0,2,2020-2021
Takashi Inui,14,jp JPN,LW,32-109,90,0,0,0,0,4,1,0,0,41,3,0,0,0.7,0.7,0.0,4,0,18,29,62.1,5,27,4,4,2,2,2020-2021
Pedro León,21,es ESP,RW,33-300,68,0,0,0,0,0,0,0,0,30,1,1,1,0.0,0.0,0.0,1,0,11,26,42.3,2,15,1,0,0,2,2020-2021
   Miguel Atienza,33,es ESP,"RM,DM",21-115,22,0,0,0,0,1,0,0,0,7,1,0,0,0.0,0.0,0.0,0,0,2,3,66.7,0,3,0,0,0,2,2020-2021
Edu Expósito,10,es ESP,"LM,DM",24-049,90,0,1,0,0,1,1,0,0,46,0,2,0,0.0,0.0,0.6,6,1,28,35,80.0,6,27,2,4,2,2,2020-2021
Sergio Álvarez,6,es ESP,CM,28-240,88,0,0,0,0,0,0,0,0,34,6,3,1,0.0,0.0,0.0,0,0,16,22,72.7,1,9,0,0,0,2,2020-2021
   Quique,7,es ESP,"AM,CM",30-126,2,0,0,0,0,0,0,0,0,5,0,0,1,0.0,0.0,0.0,0,0,3,3,100.0,0,3,0,1,0,2,2020-2021
Recio,18,es ESP,"RM,RW",29-252,83,0,0,0,0,1,0,1,0,37,3,0,1,0.0,0.0,0.0,1,0,22,25,88.0,2,22,1,1,1,2,2020-2021
   Damian Kądzior,19,pl POL,RW,28-095,7,0,0,0,0,1,0,0,0,4,0,0,0,0.0,0.0,0.0,1,0,1,3,33.3,0,2,0,0,0,2,2020-2021
Rafa Soares,11,pt POR,LB,25-133,83,0,0,0,0,0,0,0,0,45,2,1,0,0.0,0.0,0.1,3,0,27,40,67.5,1,18,0,1,1,2,2020-2021
   Kévin Rodrigues,24,pt POR,LB,26-198,7,0,0,0,0,0,0,0,0,10,0,0,0,0.0,0.0,0.0,0,0,6,9,66.7,1,5,0,0,0,2,2020-2021
Pedro Bigas,3,es ESP,CB,30-004,90,0,0,0,0,0,0,0,0,39,1,1,1,0.0,0.0,0.0,0,0,23,33,69.7,0,12,0,0,0,2,2020-2021
Paulo Oliveira,4,pt POR,CB,28-255,90,0,0,0,0,0,0,0,0,39,0,3,4,0.0,0.0,0.0,1,0,20,29,69.0,4,13,0,1,1,2,2020-2021
Rober Correa,20,es ESP,RB,27-365,90,0,0,0,0,0,0,0,0,48,1,0,0,0.0,0.0,0.0,0,0,29,41,70.7,3,25,1,3,2,2,2020-2021
Marko Dmitrović,1,rs SRB,GK,28-239,90,0,0,0,0,0,0,0,0,43,0,0,0,0.0,0.0,0.6,1,0,21,40,52.5,1,19,0,0,0,2,2020-2021
Jaime Mata,7,es ESP,FW,31-331,87,1,0,0,0,1,1,0,0,36,0,0,1,0.4,0.4,0.0,1,0,20,28,71.4,3,17,0,0,0,2,2020-2021
   Enes Ünal,10,tr TUR,FW,23-132,3,0,0,0,0,0,0,0,0,4,0,0,0,0.0,0.0,0.0,0,0,2,4,50.0,1,3,0,0,0,2,2020-2021
Cucho,23,co COL,FW,21-152,79,0,0,0,0,1,0,0,0,40,0,0,0,0.0,0.0,0.0,0,0,21,30,70.0,3,26,1,1,1,2,2020-2021
   David Timor,24,es ESP,"CM,FW",30-338,11,0,0,0,0,1,0,0,0,14,0,0,0,0.0,0.0,0.0,0,0,5,9,55.6,0,5,0,0,0,2,2020-2021
Marc Cucurella,15,es ESP,"LM,LW",22-059,90,0,0,0,0,1,0,1,0,53,2,1,0,0.0,0.0,0.0,3,0,28,44,63.6,5,29,6,0,0,2,2020-2021
Mauro Arambarri,18,uy URU,CM,24-355,90,0,0,0,0,0,0,1,0,47,2,1,2,0.0,0.0,0.0,3,0,22,39,56.4,3,23,2,2,2,2,2020-2021
Nemanja Maksimović,20,rs SRB,CM,25-237,89,0,0,0,0,1,0,1,0,37,0,2,1,0.0,0.0,0.0,1,1,22,32,68.8,2,19,2,1,1,2,2020-2021
   Ángel Rodríguez,9,es ESP,CM,33-146,1,0,0,0,0,0,0,0,0,0,0,0,0,0.0,0.0,0.0,0,0,0,0,,0,0,0,0,0,2,2020-2021
Allan Nyom,12,cm CMR,"RM,RW",32-132,90,0,0,0,0,1,0,0,0,53,1,1,1,0.0,0.0,0.0,1,0,24,39,61.5,4,32,2,2,0,2,2020-2021
Mathías Olivera,17,uy URU,LB,22-324,90,0,0,0,0,0,0,0,0,56,1,1,0,0.0,0.0,0.0,2,0,38,50,76.0,5,25,2,2,2,2,2020-2021
Xabier Etxeita,4,es ESP,CB,32-324,90,0,0,0,0,0,0,0,0,50,0,0,0,0.0,0.0,0.0,0,0,24,47,51.1,3,19,0,1,1,2,2020-2021
Djené,2,tg TOG,CB,28-263,90,0,0,0,0,0,0,0,0,45,1,1,0,0.0,0.0,0.0,0,0,27,38,71.1,0,19,1,0,0,2,2020-2021
Damián Suárez,22,uy URU,RB,32-145,89,0,0,0,0,0,0,1,0,88,0,3,2,0.0,0.0,0.0,0,0,47,76,61.8,6,31,0,0,0,2,2020-2021
   Erick Cabaco,3,uy URU,RB,25-153,1,0,0,0,0,0,0,0,0,3,0,0,0,0.0,0.0,0.0,0,0,0,3,0.0,0,0,0,0,0,2,2020-2021
David Soria,13,es ESP,GK,27-168,90,0,0,0,0,0,0,0,0,47,0,0,0,0.0,0.0,0.0,0,0,23,46,50.0,0,26,0,0,0,2,2020-2021
Rubén García,14,es ESP,"FW,RM",27-067,90,0,0,0,0,2,1,0,0,44,1,0,2,0.0,0.0,0.3,2,0,18,35,51.4,0,18,1,2,2,2,2020-2021
Adrián López,20,es ESP,FW,32-255,75,0,0,0,0,1,0,0,0,22,0,0,0,0.0,0.0,0.0,0,0,13,15,86.7,2,7,0,2,1,2,2020-2021
   Jonathan Calleri,16,ar ARG,FW,26-362,15,0,0,0,0,0,0,0,0,5,0,0,0,0.0,0.0,0.0,0,0,1,4,25.0,1,1,0,0,0,2,2020-2021
Iñigo Pérez,21,es ESP,LM,32-245,65,0,0,0,0,0,0,0,0,24,0,2,1,0.0,0.0,0.0,2,0,10,19,52.6,3,7,0,0,0,2,2020-2021
   Marc Cardona,17,es ESP,FW,25-073,25,0,0,0,0,1,1,0,0,14,0,0,0,0.2,0.2,0.0,0,0,8,12,66.7,1,5,0,0,0,2,2020-2021
Jon Moncayola,27,es ESP,CM,22-129,90,0,0,0,0,0,0,0,0,38,0,1,0,0.0,0.0,0.0,0,0,23,35,65.7,3,7,0,0,0,2,2020-2021
Oier Sanjurjo,6,es ESP,CM,34-117,82,0,0,0,0,0,0,0,0,49,0,1,1,0.0,0.0,0.0,1,0,17,38,44.7,2,11,0,0,0,2,2020-2021
   Lucas Torró,24,es ESP,CM,26-062,8,0,0,0,0,0,0,0,0,10,2,0,0,0.0,0.0,0.1,2,0,7,8,87.5,2,2,0,0,0,2,2020-2021
Roberto Torres,10,es ESP,"RM,LM",31-196,75,0,0,0,0,4,1,0,0,35,1,0,0,0.1,0.1,0.0,1,0,12,24,50.0,0,13,1,2,2,2,2020-2021
   Kike Barja,11,es ESP,LM,23-171,15,0,0,0,0,1,0,0,0,9,2,0,1,0.1,0.1,0.0,0,0,2,3,66.7,0,2,0,0,0,2,2020-2021
Juan Cruz Armada,3,es ESP,LB,28-053,90,0,0,0,0,0,0,0,0,44,3,0,1,0.0,0.0,0.0,0,0,17,40,42.5,1,8,0,0,0,2,2020-2021
David García,5,es ESP,CB,26-218,90,0,0,0,0,0,0,0,0,55,0,1,2,0.0,0.0,0.0,1,0,25,48,52.1,3,12,0,0,0,2,2020-2021
Aridane Hernández,23,es ESP,CB,31-180,90,0,0,0,0,0,0,1,0,40,0,0,1,0.0,0.0,0.0,0,0,19,26,73.1,0,7,0,0,0,2,2020-2021
Facundo Roncaglia,12,ar ARG,RB,33-222,65,0,0,0,0,0,0,0,0,38,2,3,0,0.0,0.0,0.0,3,0,20,32,62.5,1,6,0,0,0,2,2020-2021
   Nacho Vidal,2,es ESP,RB,25-239,25,0,0,0,0,1,0,1,0,14,0,0,0,0.0,0.0,0.0,1,0,4,14,28.6,0,7,0,0,0,2,2020-2021
Sergio Herrera,1,es ESP,GK,27-106,90,0,0,0,0,0,0,0,0,44,0,0,0,0.0,0.0,0.0,0,0,17,40,42.5,0,10,0,0,0,2,2020-2021
Iago Aspas,10,es ESP,FW,33-049,90,2,0,0,0,2,2,0,0,53,2,1,0,0.8,0.8,0.3,8,1,31,42,73.8,3,37,5,6,4,2,2020-2021
Emre Mor,11,tr TUR,FW,23-057,71,0,0,0,0,3,1,0,0,28,2,2,0,0.1,0.1,0.0,1,0,15,18,83.3,1,14,1,4,3,2,2020-2021
   Brais Méndez,23,es ESP,"DM,FW",23-256,19,0,0,0,0,2,0,0,0,17,0,0,0,0.1,0.1,0.1,3,0,10,15,66.7,1,11,2,0,0,2,2020-2021
Nolito,9,es ESP,"LM,LW",33-340,90,0,1,0,0,7,2,0,0,54,1,1,2,0.6,0.6,0.8,6,3,28,40,70.0,3,28,1,1,1,2,2020-2021
Fran Beltrán,8,es ESP,CM,21-229,65,0,0,0,0,1,0,0,0,34,0,1,0,0.0,0.0,0.0,3,0,29,30,96.7,1,23,0,0,0,2,2020-2021
   Okay Yokuşlu,5,tr TUR,"DM,CM",26-194,25,0,0,0,0,0,0,1,0,17,1,0,0,0.0,0.0,0.1,3,0,15,16,93.8,2,12,1,0,0,2,2020-2021
Renato Tapia,14,pe PER,CM,25-053,79,0,0,0,0,1,0,1,0,43,0,3,2,0.0,0.0,0.0,1,0,33,35,94.3,5,20,1,0,0,2,2020-2021
   Néstor Araujo,4,mx MEX,CB,29-021,11,0,0,0,0,0,0,0,0,6,0,0,0,0.0,0.0,0.0,0,0,5,5,100.0,0,4,0,1,1,2,2020-2021
Denis Suárez,6,es ESP,RM,26-257,66,0,0,0,0,1,0,0,0,37,1,0,0,0.0,0.0,0.1,3,0,21,29,72.4,2,26,0,1,0,2,2020-2021
   Miguel Baeza,27,es ESP,"RW,RM",20-176,24,0,0,0,0,3,0,0,0,15,0,0,0,0.2,0.2,0.0,1,0,8,8,100.0,0,9,2,1,1,2,2020-2021
Lucas Olaza,15,uy URU,LB,26-060,90,0,0,0,0,1,1,0,0,83,2,1,1,0.0,0.0,0.3,2,0,54,77,70.1,1,36,0,0,0,2,2020-2021
Jeison Murillo,24,co COL,CB,28-115,79,0,0,0,0,0,0,0,0,43,0,1,1,0.0,0.0,0.0,2,0,36,38,94.7,2,26,0,0,0,2,2020-2021
   Gabriel Veiga,31,es ESP,AM,18-115,11,0,0,0,0,0,0,0,0,6,0,0,0,0.0,0.0,0.0,1,0,3,4,75.0,0,6,1,0,0,2,2020-2021
Joseph Aidoo,18,gh GHA,CB,24-356,90,0,0,0,0,1,0,0,0,40,1,2,1,0.1,0.1,0.0,1,0,23,28,82.1,4,24,1,1,1,2,2020-2021
Hugo Mallo,2,es ESP,RB,29-089,90,0,0,0,0,1,0,0,0,64,0,1,0,0.0,0.0,0.1,4,0,49,59,83.1,4,40,5,0,0,2,2020-2021
Iván Villar,1,es ESP,GK,23-072,90,0,0,0,0,0,0,1,0,27,0,0,0,0.0,0.0,0.0,0,0,15,25,60.0,0,13,0,0,0,2,2020-2021
Maxi Gómez,22,uy URU,FW,24-036,90,1,0,0,0,3,2,0,0,29,0,0,0,0.2,0.2,0.0,2,0,16,23,69.6,0,14,2,2,1,2,2020-2021
Lee Kang-in,20,kr KOR,FW,19-213,45,0,0,0,0,0,0,0,0,22,0,0,0,0.0,0.0,0.0,1,0,18,20,90.0,0,17,0,0,0,2,2020-2021
   Jason,23,es ESP,RM,26-075,45,0,0,0,0,1,0,0,0,27,1,2,2,0.0,0.0,0.0,1,1,14,17,82.4,2,15,0,2,1,2,2020-2021
Gonçalo Guedes,7,pt POR,LM,23-295,45,0,0,0,0,0,0,0,0,23,0,0,1,0.0,0.0,0.0,1,0,14,19,73.7,2,17,3,0,0,2,2020-2021
   Manu Vallejo,21,es ESP,FW,23-218,45,0,0,0,0,0,0,0,0,25,1,0,0,0.0,0.0,0.0,1,0,15,19,78.9,2,13,0,1,0,2,2020-2021
Geoffrey Kondogbia,6,cf CTA,CM,27-217,90,0,0,0,0,1,0,0,0,60,3,3,2,0.0,0.0,0.0,1,0,43,50,86.0,8,17,0,2,1,2,2020-2021
Vicente Esquerdo,26,es ESP,CM,21-261,73,0,0,0,0,0,0,1,0,37,1,3,1,0.0,0.0,0.0,0,0,25,29,86.2,1,12,0,1,0,2,2020-2021
   Thierry Correia,2,pt POR,RB,21-194,17,0,0,0,0,0,0,0,0,9,1,0,0,0.0,0.0,0.1,1,0,4,5,80.0,0,3,2,1,1,2,2020-2021
Yunus Musah,30,us USA,"RM,LM",17-295,83,0,0,0,0,0,0,0,0,38,4,0,0,0.0,0.0,0.0,0,0,21,29,72.4,1,18,1,1,1,2,2020-2021
   Rubén Sobrino,11,es ESP,LM,28-110,7,0,0,0,0,0,0,0,0,5,0,0,0,0.0,0.0,0.0,0,0,2,4,50.0,0,3,0,0,0,2,2020-2021
José Luis Gayà,14,es ESP,LB,25-117,90,0,0,0,0,1,0,0,0,68,0,1,1,0.1,0.1,0.1,1,0,39,57,68.4,8,29,1,4,2,2,2020-2021
Mouctar Diakhaby,12,gn GUI,CB,23-275,90,0,0,0,0,1,0,0,0,41,1,1,2,0.1,0.1,0.0,0,0,24,26,92.3,0,19,0,0,0,2,2020-2021
Gabriel Paulista,5,br BRA,CB,29-298,90,0,0,0,0,2,1,0,0,54,0,1,1,0.2,0.2,0.0,0,0,41,47,87.2,5,27,0,0,0,2,2020-2021
Daniel Wass,18,dk DEN,"RB,CM",31-111,90,0,1,0,0,0,0,0,0,77,3,3,2,0.0,0.0,0.2,6,1,46,68,67.6,7,32,4,0,0,2,2020-2021
Jaume Doménech,1,es ESP,GK,29-319,90,0,0,0,0,0,0,0,0,37,0,0,0,0.0,0.0,0.0,0,0,26,34,76.5,0,17,0,0,0,2,2020-2021
